,index,open_time,close,y_pred,open,qty,balance,buy,sell,strategy_signal,portfolio_value
0,0,2024-04-10 19:00:00+03:00,0.14713,1,0.14604,6806.4652873688965,0.0,-2.0,,1,1001.4352377305859
1,1,2024-04-10 21:00:00+03:00,0.1479,0,0.14716,6806.4652873688965,0.0,,,0,1006.6762160018599
2,2,2024-04-10 23:00:00+03:00,0.14719,0,0.14791,6806.4652873688965,0.0,,,0,1001.8436256478278
3,3,2024-04-11 01:00:00+03:00,0.14759,1,0.14719,6806.4652873688965,0.0,,,1,1004.5662117627754
4,4,2024-04-11 03:00:00+03:00,0.1483,0,0.14762,6806.4652873688965,0.0,,,0,1009.3988021168072
5,5,2024-04-11 05:00:00+03:00,0.14791,1,0.14831,6806.4652873688965,0.0,,,1,1006.7442806547335
6,6,2024-04-11 07:00:00+03:00,0.14783,1,0.14791,6806.4652873688965,0.0,,,1,1006.1997634317439
7,7,2024-04-11 09:00:00+03:00,0.14733,1,0.14783,6806.4652873688965,0.0,,,1,1002.7965307880595
8,8,2024-04-11 11:00:00+03:00,0.14563,0,0.14731,6806.4652873688965,0.0,,,0,991.2255397995325
9,9,2024-04-11 13:00:00+03:00,0.14345,0,0.14564,6806.4652873688965,0.0,,,0,976.3874454730682
10,10,2024-04-11 15:00:00+03:00,0.14382,1,0.14346,6806.4652873688965,0.0,,,1,978.9058376293947
11,11,2024-04-11 17:00:00+03:00,0.14267,0,0.14382,6806.4652873688965,0.0,,,0,971.0784025489204
12,12,2024-04-11 19:00:00+03:00,0.1414,1,0.14264,6806.4652873688965,0.0,,,1,962.434191633962
13,13,2024-04-11 21:00:00+03:00,0.14195,0,0.14139,0.0,975.5855,,2.0,0,975.5855
14,14,2024-04-11 23:00:00+03:00,0.14156,1,0.14195,6845.574639463743,0.0,-2.0,,1,969.0595459624874
15,15,2024-04-12 01:00:00+03:00,0.14203,1,0.14156,6845.574639463743,0.0,,,1,972.2769660430353
16,16,2024-04-12 03:00:00+03:00,0.14287,0,0.14201,6845.574639463743,0.0,,,0,978.0272487401849
17,17,2024-04-12 05:00:00+03:00,0.14415,1,0.14284,6845.574639463743,0.0,,,1,986.7895842786985
18,18,2024-04-12 07:00:00+03:00,0.14289,0,0.14414,6845.574639463743,0.0,,,0,978.1641602329742
19,19,2024-04-12 09:00:00+03:00,0.14109,0,0.1429,6845.574639463743,0.0,,,0,965.8421258819394
20,20,2024-04-12 11:00:00+03:00,0.14047,0,0.14109,6845.574639463743,0.0,,,0,961.597869605472
21,21,2024-04-12 13:00:00+03:00,0.14083,1,0.14047,6845.574639463743,0.0,,,1,964.0622764756789
22,22,2024-04-12 15:00:00+03:00,0.13537,0,0.14081,6845.574639463743,0.0,,,0,926.6854389442068
23,23,2024-04-12 17:00:00+03:00,0.13364,1,0.13538,6845.574639463743,0.0,,,1,914.8425948179346
24,24,2024-04-12 19:00:00+03:00,0.12713,0,0.13365,0.0,951.7669579450001,,2.0,0,951.7669579450001
25,25,2024-04-12 21:00:00+03:00,0.1158,0,0.12711,0.0,951.7669579450001,,,0,951.7669579450001
26,26,2024-04-12 23:00:00+03:00,0.11866,1,0.11581,8141.295812289462,0.0,-2.0,,1,966.0461610862676
27,27,2024-04-13 01:00:00+03:00,0.12004,1,0.11866,8141.295812289462,0.0,,,1,977.281149307227
28,28,2024-04-13 03:00:00+03:00,0.11339,0,0.12004,8141.295812289462,0.0,,,0,923.1415321555022
29,29,2024-04-13 05:00:00+03:00,0.11643,1,0.1134,8141.295812289462,0.0,,,1,947.8910714248622
30,30,2024-04-13 07:00:00+03:00,0.11692,1,0.11642,0.0,928.5298265015626,,2.0,1,928.5298265015626
31,31,2024-04-13 09:00:00+03:00,0.11662,0,0.11692,0.0,928.5298265015626,,,0,928.5298265015626
32,32,2024-04-13 11:00:00+03:00,0.11698,0,0.1166,0.0,928.5298265015626,,,0,928.5298265015626
33,33,2024-04-13 13:00:00+03:00,0.11693,1,0.11698,7902.4659509472995,0.0,-2.0,,1,924.0353436442678
34,34,2024-04-13 15:00:00+03:00,0.11725,1,0.11693,7902.4659509472995,0.0,,,1,926.5641327485708
35,35,2024-04-13 17:00:00+03:00,0.11529,0,0.11724,7902.4659509472995,0.0,,,0,911.0752994847142
36,36,2024-04-13 19:00:00+03:00,0.10651,0,0.11528,7902.4659509472995,0.0,,,0,841.6916484353968
37,37,2024-04-13 21:00:00+03:00,0.10009,0,0.10651,7902.4659509472995,0.0,,,0,790.9578170303151
38,38,2024-04-13 23:00:00+03:00,0.09369,0,0.1001,0.0,905.8599134366594,,2.0,0,905.8599134366594
39,39,2024-04-14 01:00:00+03:00,0.09791,1,0.09367,9540.865695700231,0.0,-2.0,,1,934.1461602660096
40,40,2024-04-14 03:00:00+03:00,0.09591,0,0.09792,9540.865695700231,0.0,,,0,915.0644288746091
41,41,2024-04-14 05:00:00+03:00,0.09554,0,0.09591,9540.865695700231,0.0,,,0,911.5343085672001
42,42,2024-04-14 07:00:00+03:00,0.10197,1,0.09554,9540.865695700231,0.0,,,1,972.8820749905526
43,43,2024-04-14 09:00:00+03:00,0.10442,1,0.10197,9540.865695700231,0.0,,,1,996.2571959450181
44,44,2024-04-14 11:00:00+03:00,0.10295,0,0.10441,0.0,946.8682210175043,,2.0,0,946.8682210175043
45,45,2024-04-14 13:00:00+03:00,0.10066,0,0.10296,0.0,946.8682210175043,,,0,946.8682210175043
46,46,2024-04-14 15:00:00+03:00,0.10042,1,0.10065,9369.481472137544,0.0,-2.0,,1,940.8833294320522
47,47,2024-04-14 17:00:00+03:00,0.10101,1,0.10041,9369.481472137544,0.0,,,1,946.4113235006133
48,48,2024-04-14 19:00:00+03:00,0.10108,0,0.10101,9369.481472137544,0.0,,,0,947.067187203663
49,49,2024-04-14 21:00:00+03:00,0.10234,1,0.1011,9369.481472137544,0.0,,,1,958.8727338585563
50,50,2024-04-14 23:00:00+03:00,0.1009,0,0.10232,9369.481472137544,0.0,,,0,945.3806805386782
51,51,2024-04-15 01:00:00+03:00,0.10727,1,0.10091,9369.481472137544,0.0,,,1,1005.0642775161944
52,52,2024-04-15 03:00:00+03:00,0.10566,0,0.10728,9369.481472137544,0.0,,,0,989.979412346053
53,53,2024-04-15 05:00:00+03:00,0.10526,0,0.10566,0.0,989.7331797240718,,2.0,0,989.7331797240718
54,54,2024-04-15 07:00:00+03:00,0.10873,1,0.10526,9299.123963373855,0.0,-2.0,,1,1011.0937485376392
55,55,2024-04-15 09:00:00+03:00,0.1107,1,0.10874,9299.123963373855,0.0,,,1,1029.413022745486
56,56,2024-04-15 11:00:00+03:00,0.11038,0,0.11068,9299.123963373855,0.0,,,0,1026.4373030772063
57,57,2024-04-15 13:00:00+03:00,0.10958,0,0.11039,9299.123963373855,0.0,,,0,1018.998003906507
58,58,2024-04-15 15:00:00+03:00,0.10812,0,0.10958,9299.123963373855,0.0,,,0,1005.4212829199812
59,59,2024-04-15 17:00:00+03:00,0.10603,0,0.10811,9299.123963373855,0.0,,,0,985.9861138365299
60,60,2024-04-15 19:00:00+03:00,0.10456,0,0.10604,9299.123963373855,0.0,,,0,972.3164016103702
61,61,2024-04-15 21:00:00+03:00,0.10444,1,0.10455,9299.123963373855,0.0,,,1,971.2005067347654
62,62,2024-04-15 23:00:00+03:00,0.10304,1,0.10445,9299.123963373855,0.0,,,1,958.181733186042
63,63,2024-04-16 01:00:00+03:00,0.10216,0,0.10305,9299.123963373855,0.0,,,0,949.9985040982731
64,64,2024-04-16 03:00:00+03:00,0.10191,0,0.10218,0.0,965.5692928070073,,2.0,0,965.5692928070073
65,65,2024-04-16 05:00:00+03:00,0.10076,0,0.10191,0.0,965.5692928070073,,,0,965.5692928070073
66,66,2024-04-16 07:00:00+03:00,0.10044,1,0.10074,9547.320530287803,0.0,-2.0,,1,958.932874062107
67,67,2024-04-16 09:00:00+03:00,0.10412,1,0.10044,9547.320530287803,0.0,,,1,994.0670136135661
68,68,2024-04-16 11:00:00+03:00,0.10401,0,0.10411,9547.320530287803,0.0,,,0,993.0168083552345
69,69,2024-04-16 13:00:00+03:00,0.10529,1,0.104,9547.320530287803,0.0,,,1,1005.2373786340028
70,70,2024-04-16 15:00:00+03:00,0.1031,0,0.10532,9547.320530287803,0.0,,,0,984.3287466726725
71,71,2024-04-16 17:00:00+03:00,0.10177,0,0.10311,9547.320530287803,0.0,,,0,971.6308103673897
72,72,2024-04-16 19:00:00+03:00,0.10575,1,0.10177,9547.320530287803,0.0,,,1,1009.6291460779352
73,73,2024-04-16 21:00:00+03:00,0.10583,0,0.10578,9547.320530287803,0.0,,,0,1010.3929317203582
74,74,2024-04-16 23:00:00+03:00,0.10823,1,0.10583,0.0,1009.2809425388449,,2.0,1,1009.2809425388449
75,75,2024-04-17 01:00:00+03:00,0.10738,0,0.10822,0.0,1009.2809425388449,,,0,1009.2809425388449
76,76,2024-04-17 03:00:00+03:00,0.10718,0,0.10738,0.0,1009.2809425388449,,,0,1009.2809425388449
77,77,2024-04-17 05:00:00+03:00,0.10717,0,0.10718,0.0,1009.2809425388449,,,0,1009.2809425388449
78,78,2024-04-17 07:00:00+03:00,0.10923,1,0.10716,9339.981578238423,0.0,-2.0,,1,1020.2061877909829
79,79,2024-04-17 09:00:00+03:00,0.10855,1,0.10923,9339.981578238423,0.0,,,1,1013.8550003177808
80,80,2024-04-17 11:00:00+03:00,0.10807,0,0.10853,9339.981578238423,0.0,,,0,1009.3718091602263
81,81,2024-04-17 13:00:00+03:00,0.10543,0,0.10808,9339.981578238423,0.0,,,0,984.7142577936769
82,82,2024-04-17 15:00:00+03:00,0.10812,1,0.10543,9339.981578238423,0.0,,,1,1009.8388082391382
83,83,2024-04-17 17:00:00+03:00,0.10625,0,0.10811,9339.981578238423,0.0,,,0,992.3730426878324
84,84,2024-04-17 19:00:00+03:00,0.10882,1,0.10624,9339.981578238423,0.0,,,1,1016.3767953439052
85,85,2024-04-17 21:00:00+03:00,0.11066,1,0.10883,9339.981578238423,0.0,,,1,1033.5623614478639
86,86,2024-04-17 23:00:00+03:00,0.11053,0,0.11064,9339.981578238423,0.0,,,0,1032.3481638426929
87,87,2024-04-18 01:00:00+03:00,0.10904,0,0.11053,9339.981578238423,0.0,,,0,1018.4315912911177
88,88,2024-04-18 03:00:00+03:00,0.1112,1,0.10905,9339.981578238423,0.0,,,1,1038.6059515001125
89,89,2024-04-18 05:00:00+03:00,0.11127,0,0.11118,9339.981578238423,0.0,,,0,1039.2597502105893
90,90,2024-04-18 07:00:00+03:00,0.1112,0,0.11126,9339.981578238423,0.0,,,0,1038.6059515001125
91,91,2024-04-18 09:00:00+03:00,0.10798,0,0.11117,9339.981578238423,0.0,,,0,1008.531210818185
92,92,2024-04-18 11:00:00+03:00,0.10692,1,0.108,9339.981578238423,0.0,,,1,998.6308303452522
93,93,2024-04-18 13:00:00+03:00,0.10768,1,0.10692,9339.981578238423,0.0,,,1,1005.7292163447133
94,94,2024-04-18 15:00:00+03:00,0.10656,0,0.10768,9339.981578238423,0.0,,,0,995.2684369770864
95,95,2024-04-18 17:00:00+03:00,0.10826,1,0.10654,9339.981578238423,0.0,,,1,1011.1464056600917
96,96,2024-04-18 19:00:00+03:00,0.10614,0,0.10826,9339.981578238423,0.0,,,0,991.3456447142262
97,97,2024-04-18 21:00:00+03:00,0.10811,1,0.10613,9339.981578238423,0.0,,,1,1009.7454084233559
98,98,2024-04-18 23:00:00+03:00,0.10844,1,0.10813,9339.981578238423,0.0,,,1,1012.8276023441746
99,99,2024-04-19 01:00:00+03:00,0.10817,1,0.1084,9339.981578238423,0.0,,,1,1010.3058073180503
100,100,2024-04-19 03:00:00+03:00,0.10231,0,0.10817,9339.981578238423,0.0,,,0,955.573515269573
101,101,2024-04-19 05:00:00+03:00,0.1043,1,0.10231,9339.981578238423,0.0,,,1,974.1600786102675
102,102,2024-04-19 07:00:00+03:00,0.10411,1,0.10431,0.0,984.6398947314717,,2.0,1,984.6398947314717
103,103,2024-04-19 09:00:00+03:00,0.10743,1,0.10408,9357.603963772603,0.0,-2.0,,1,1005.2873938280907
104,104,2024-04-19 11:00:00+03:00,0.10832,0,0.10745,9357.603963772603,0.0,,,0,1013.6156613558483
105,105,2024-04-19 13:00:00+03:00,0.10822,0,0.10832,9357.603963772603,0.0,,,0,1012.6799009594711
106,106,2024-04-19 15:00:00+03:00,0.10874,1,0.10822,9357.603963772603,0.0,,,1,1017.5458550206329
107,107,2024-04-19 17:00:00+03:00,0.10877,0,0.10876,9357.603963772603,0.0,,,0,1017.8265831395461
108,108,2024-04-19 19:00:00+03:00,0.10925,0,0.10877,9357.603963772603,0.0,,,0,1022.3182330421569
109,109,2024-04-19 21:00:00+03:00,0.10986,0,0.10926,9357.603963772603,0.0,,,0,1028.026371460058
110,110,2024-04-19 23:00:00+03:00,0.10961,0,0.10985,9357.603963772603,0.0,,,0,1025.686970469115
111,111,2024-04-20 01:00:00+03:00,0.10845,0,0.10962,9357.603963772603,0.0,,,0,1014.8321498711388
112,112,2024-04-20 03:00:00+03:00,0.10977,1,0.10845,9357.603963772603,0.0,,,1,1027.1841871033187
113,113,2024-04-20 05:00:00+03:00,0.11079,1,0.10975,9357.603963772603,0.0,,,1,1036.7289431463666
114,114,2024-04-20 07:00:00+03:00,0.11259,1,0.1108,9357.603963772603,0.0,,,1,1053.5726302811572
115,115,2024-04-20 09:00:00+03:00,0.11244,1,0.1126,0.0,1029.2149659654392,,2.0,1,1029.2149659654392
116,116,2024-04-20 11:00:00+03:00,0.1122,0,0.11243,0.0,1029.2149659654392,,,0,1029.2149659654392
117,117,2024-04-20 13:00:00+03:00,0.11237,0,0.11221,0.0,1029.2149659654392,,,0,1029.2149659654392
118,118,2024-04-20 15:00:00+03:00,0.11238,1,0.11238,9117.133819350373,0.0,-2.0,,1,1024.5834986185948
119,119,2024-04-20 17:00:00+03:00,0.11564,1,0.11239,9117.133819350373,0.0,,,1,1054.305354869677
120,120,2024-04-20 19:00:00+03:00,0.11768,0,0.11565,9117.133819350373,0.0,,,0,1072.904307861152
121,121,2024-04-20 21:00:00+03:00,0.11724,0,0.11768,9117.133819350373,0.0,,,0,1068.8927689806376
122,122,2024-04-20 23:00:00+03:00,0.11741,0,0.11723,9117.133819350373,0.0,,,0,1070.4426817299272
123,123,2024-04-21 01:00:00+03:00,0.11819,0,0.11741,9117.133819350373,0.0,,,0,1077.5540461090206
124,124,2024-04-21 03:00:00+03:00,0.11802,0,0.11818,9117.133819350373,0.0,,,0,1076.004133359731
125,125,2024-04-21 05:00:00+03:00,0.11742,0,0.11804,0.0,1075.8081735495246,,2.0,0,1075.8081735495246
126,126,2024-04-21 07:00:00+03:00,0.11813,0,0.11741,0.0,1075.8081735495246,,,0,1075.8081735495246
127,127,2024-04-21 09:00:00+03:00,0.11811,1,0.11812,9066.924912109516,0.0,-2.0,,1,1070.894501369255
128,128,2024-04-21 11:00:00+03:00,0.1171,1,0.11811,9066.924912109516,0.0,,,1,1061.7369072080244
129,129,2024-04-21 13:00:00+03:00,0.11697,1,0.1171,9066.924912109516,0.0,,,1,1060.55820696945
130,130,2024-04-21 15:00:00+03:00,0.11537,0,0.11697,9066.924912109516,0.0,,,0,1046.051127110075
131,131,2024-04-21 17:00:00+03:00,0.11641,1,0.11537,9066.924912109516,0.0,,,1,1055.4807290186689
132,132,2024-04-21 19:00:00+03:00,0.11529,0,0.11642,0.0,1049.5431960331807,,2.0,0,1049.5431960331807
133,133,2024-04-21 21:00:00+03:00,0.11558,0,0.1153,0.0,1049.5431960331807,,,0,1049.5431960331807
134,134,2024-04-21 23:00:00+03:00,0.11636,1,0.11559,9026.992774148392,0.0,-2.0,,1,1050.380879199907
135,135,2024-04-22 01:00:00+03:00,0.11601,1,0.11638,9026.992774148392,0.0,,,1,1047.221431728955
136,136,2024-04-22 03:00:00+03:00,0.11614,1,0.11602,9026.992774148392,0.0,,,1,1048.394940789594
137,137,2024-04-22 05:00:00+03:00,0.1176,1,0.11612,9026.992774148392,0.0,,,1,1061.574350239851
138,138,2024-04-22 07:00:00+03:00,0.11959,1,0.11759,9026.992774148392,0.0,,,1,1079.5380658604063
139,139,2024-04-22 09:00:00+03:00,0.11712,0,0.11958,9026.992774148392,0.0,,,0,1057.2413937082597
140,140,2024-04-22 11:00:00+03:00,0.11752,1,0.11712,9026.992774148392,0.0,,,1,1060.8521908179189
141,141,2024-04-22 13:00:00+03:00,0.1173,0,0.11753,9026.992774148392,0.0,,,0,1058.8662524076065
142,142,2024-04-22 15:00:00+03:00,0.11798,1,0.11732,9026.992774148392,0.0,,,1,1065.0046074940274
143,143,2024-04-22 17:00:00+03:00,0.11761,1,0.11797,9026.992774148392,0.0,,,1,1061.6646201675924
144,144,2024-04-22 19:00:00+03:00,0.11772,1,0.11762,9026.992774148392,0.0,,,1,1062.6575893727488
145,145,2024-04-22 21:00:00+03:00,0.11763,0,0.11771,9026.992774148392,0.0,,,0,1061.8451600230753
146,146,2024-04-22 23:00:00+03:00,0.11773,0,0.11764,9026.992774148392,0.0,,,0,1062.74785930049
147,147,2024-04-23 01:00:00+03:00,0.11851,1,0.11773,9026.992774148392,0.0,,,1,1069.788913664326
148,148,2024-04-23 03:00:00+03:00,0.11853,1,0.1185,9026.992774148392,0.0,,,1,1069.969453519809
149,149,2024-04-23 05:00:00+03:00,0.11666,0,0.11853,9026.992774148392,0.0,,,0,1053.0889770321514
150,150,2024-04-23 07:00:00+03:00,0.11693,0,0.11665,9026.992774148392,0.0,,,0,1055.5262650811715
151,151,2024-04-23 09:00:00+03:00,0.11544,0,0.11694,9026.992774148392,0.0,,,0,1042.0760458476902
152,152,2024-04-23 11:00:00+03:00,0.11611,1,0.11545,9026.992774148392,0.0,,,1,1048.12413100637
153,153,2024-04-23 13:00:00+03:00,0.11625,0,0.11611,9026.992774148392,0.0,,,0,1049.3879099947505
154,154,2024-04-23 15:00:00+03:00,0.11776,1,0.11624,9026.992774148392,0.0,,,1,1063.0186690837147
155,155,2024-04-23 17:00:00+03:00,0.11684,1,0.1178,9026.992774148392,0.0,,,1,1054.713835731498
156,156,2024-04-23 19:00:00+03:00,0.11734,0,0.11681,9026.992774148392,0.0,,,0,1059.2273321185723
157,157,2024-04-23 21:00:00+03:00,0.11707,0,0.11735,9026.992774148392,0.0,,,0,1056.790044069552
158,158,2024-04-23 23:00:00+03:00,0.11766,0,0.11707,9026.992774148392,0.0,,,0,1062.1159698062997
159,159,2024-04-24 01:00:00+03:00,0.11718,1,0.11766,9026.992774148392,0.0,,,1,1057.7830132747085
160,160,2024-04-24 03:00:00+03:00,0.12047,1,0.11718,9026.992774148392,0.0,,,1,1087.4818195016567
161,161,2024-04-24 05:00:00+03:00,0.12315,0,0.12048,9026.992774148392,0.0,,,0,1111.6741601363744
162,162,2024-04-24 07:00:00+03:00,0.12764,1,0.12315,9026.992774148392,0.0,,,1,1152.2053576923008
163,163,2024-04-24 09:00:00+03:00,0.12666,0,0.12764,0.0,1097.056764233583,,2.0,0,1097.056764233583
164,164,2024-04-24 11:00:00+03:00,0.12485,1,0.12666,8647.167879099685,0.0,-2.0,,1,1079.5989097055956
165,165,2024-04-24 13:00:00+03:00,0.12402,1,0.12484,8647.167879099685,0.0,,,1,1072.4217603659429
166,166,2024-04-24 15:00:00+03:00,0.12139,0,0.124,8647.167879099685,0.0,,,0,1049.6797088439107
167,167,2024-04-24 17:00:00+03:00,0.12167,0,0.1214,8647.167879099685,0.0,,,0,1052.1009158500588
168,168,2024-04-24 19:00:00+03:00,0.12142,1,0.12165,0.0,1070.2731086186411,,2.0,1,1070.2731086186411
169,169,2024-04-24 21:00:00+03:00,0.11976,0,0.12142,0.0,1070.2731086186411,,,0,1070.2731086186411
170,170,2024-04-24 23:00:00+03:00,0.11934,0,0.11976,0.0,1070.2731086186411,,,0,1070.2731086186411
171,171,2024-04-25 01:00:00+03:00,0.11729,0,0.11933,0.0,1070.2731086186411,,,0,1070.2731086186411
172,172,2024-04-25 03:00:00+03:00,0.11826,1,0.11729,9068.953045775232,0.0,-2.0,,1,1072.494387193379
173,173,2024-04-25 05:00:00+03:00,0.11751,0,0.11826,9068.953045775232,0.0,,,0,1065.6926724090474
174,174,2024-04-25 07:00:00+03:00,0.11807,1,0.11751,9068.953045775232,0.0,,,1,1070.7712861146815
175,175,2024-04-25 09:00:00+03:00,0.11591,0,0.11806,9068.953045775232,0.0,,,0,1051.1823475358071
176,176,2024-04-25 11:00:00+03:00,0.11585,1,0.11591,9068.953045775232,0.0,,,1,1050.6382103530605
177,177,2024-04-25 13:00:00+03:00,0.11508,0,0.11585,9068.953045775232,0.0,,,0,1043.6551165078138
178,178,2024-04-25 15:00:00+03:00,0.11512,1,0.11507,9068.953045775232,0.0,,,1,1044.0178746296447
179,179,2024-04-25 17:00:00+03:00,0.11861,1,0.11514,0.0,1044.14324203726,,2.0,1,1044.14324203726
180,180,2024-04-25 19:00:00+03:00,0.12235,0,0.1186,0.0,1044.14324203726,,,0,1044.14324203726
181,181,2024-04-25 21:00:00+03:00,0.12098,0,0.12236,0.0,1044.14324203726,,,0,1044.14324203726
182,182,2024-04-25 23:00:00+03:00,0.1201,1,0.12097,8604.958752343558,0.0,-2.0,,1,1033.4555461564614
183,183,2024-04-26 01:00:00+03:00,0.12001,0,0.12011,8604.958752343558,0.0,,,0,1032.6810998687506
184,184,2024-04-26 03:00:00+03:00,0.11723,0,0.12,8604.958752343558,0.0,,,0,1008.7593145372354
185,185,2024-04-26 05:00:00+03:00,0.11787,0,0.11721,8604.958752343558,0.0,,,0,1014.2664881387352
186,186,2024-04-26 07:00:00+03:00,0.11895,1,0.11788,0.0,1018.6512054991306,,2.0,1,1018.6512054991306
187,187,2024-04-26 09:00:00+03:00,0.11766,0,0.11895,0.0,1018.6512054991306,,,0,1018.6512054991306
188,188,2024-04-26 11:00:00+03:00,0.11696,1,0.11767,8628.303681457905,0.0,-2.0,,1,1009.1663985833164
189,189,2024-04-26 13:00:00+03:00,0.11626,0,0.11697,8628.303681457905,0.0,,,0,1003.126586006296
190,190,2024-04-26 15:00:00+03:00,0.11846,1,0.11625,8628.303681457905,0.0,,,1,1022.1088541055034
191,191,2024-04-26 17:00:00+03:00,0.11717,0,0.11845,8628.303681457905,0.0,,,0,1010.9783423564227
192,192,2024-04-26 19:00:00+03:00,0.11805,1,0.11717,8628.303681457905,0.0,,,1,1018.5712495961056
193,193,2024-04-26 21:00:00+03:00,0.1183,0,0.11806,8628.303681457905,0.0,,,0,1020.7283255164701
194,194,2024-04-26 23:00:00+03:00,0.11821,0,0.1183,8628.303681457905,0.0,,,0,1019.9517781851389
195,195,2024-04-27 01:00:00+03:00,0.1166,0,0.11822,8628.303681457905,0.0,,,0,1006.0602092579916
196,196,2024-04-27 03:00:00+03:00,0.11375,0,0.1166,8628.303681457905,0.0,,,0,981.4695437658366
197,197,2024-04-27 05:00:00+03:00,0.11432,1,0.11379,8628.303681457905,0.0,,,1,986.3876768642676
198,198,2024-04-27 07:00:00+03:00,0.11363,1,0.11431,0.0,993.7814295728969,,2.0,1,993.7814295728969
199,199,2024-04-27 09:00:00+03:00,0.11273,1,0.11362,8720.83895858517,0.0,-2.0,,1,983.1001758013061
200,200,2024-04-27 11:00:00+03:00,0.11296,1,0.11273,8720.83895858517,0.0,,,1,985.1059687617808
201,201,2024-04-27 13:00:00+03:00,0.11223,0,0.11296,8720.83895858517,0.0,,,0,978.7397563220135
202,202,2024-04-27 15:00:00+03:00,0.1131,1,0.11222,8720.83895858517,0.0,,,1,986.3268862159827
203,203,2024-04-27 17:00:00+03:00,0.11178,0,0.11309,8720.83895858517,0.0,,,0,974.8153787906502
204,204,2024-04-27 19:00:00+03:00,0.11451,1,0.11178,8720.83895858517,0.0,,,1,998.6232691475877
205,205,2024-04-27 21:00:00+03:00,0.11392,0,0.1145,8720.83895858517,0.0,,,0,993.4779741620224
206,206,2024-04-27 23:00:00+03:00,0.11331,1,0.11395,8720.83895858517,0.0,,,1,988.1582623972855
207,207,2024-04-28 01:00:00+03:00,0.11296,0,0.1133,8720.83895858517,0.0,,,0,985.1059687617808
208,208,2024-04-28 03:00:00+03:00,0.11434,1,0.11295,8720.83895858517,0.0,,,1,997.1407265246282
209,209,2024-04-28 05:00:00+03:00,0.11526,0,0.11439,8720.83895858517,0.0,,,0,1005.1638983665266
210,210,2024-04-28 07:00:00+03:00,0.11497,0,0.11528,8720.83895858517,0.0,,,0,1002.6348550685369
211,211,2024-04-28 09:00:00+03:00,0.1149,1,0.11498,8720.83895858517,0.0,,,1,1002.0243963414359
212,212,2024-04-28 11:00:00+03:00,0.11358,0,0.11491,8720.83895858517,0.0,,,0,990.5128889161035
213,213,2024-04-28 13:00:00+03:00,0.11268,0,0.11357,8720.83895858517,0.0,,,0,982.6641338533769
214,214,2024-04-28 15:00:00+03:00,0.11318,1,0.1127,8720.83895858517,0.0,,,1,987.0245533326695
215,215,2024-04-28 17:00:00+03:00,0.11293,0,0.11317,8720.83895858517,0.0,,,0,984.8443435930232
216,216,2024-04-28 19:00:00+03:00,0.11361,1,0.11296,8720.83895858517,0.0,,,1,990.774514084861
217,217,2024-04-28 21:00:00+03:00,0.11345,0,0.1136,8720.83895858517,0.0,,,0,989.3791798514874
218,218,2024-04-28 23:00:00+03:00,0.11381,1,0.11345,8720.83895858517,0.0,,,1,992.5186818765781
219,219,2024-04-29 01:00:00+03:00,0.1113,0,0.11381,8720.83895858517,0.0,,,0,970.6293760905293
220,220,2024-04-29 03:00:00+03:00,0.11362,1,0.1113,8720.83895858517,0.0,,,1,990.8617224744469
221,221,2024-04-29 05:00:00+03:00,0.1121,0,0.11363,8720.83895858517,0.0,,,0,977.6060472573976
222,222,2024-04-29 07:00:00+03:00,0.11325,1,0.11209,8720.83895858517,0.0,,,1,987.6350120597705
223,223,2024-04-29 09:00:00+03:00,0.11132,0,0.11326,8720.83895858517,0.0,,,0,970.803792869701
224,224,2024-04-29 11:00:00+03:00,0.11046,1,0.11132,8720.83895858517,0.0,,,1,963.3038713653178
225,225,2024-04-29 13:00:00+03:00,0.11076,0,0.11045,8720.83895858517,0.0,,,0,965.9201230528934
226,226,2024-04-29 15:00:00+03:00,0.11062,0,0.11073,0.0,969.5187248770224,,2.0,0,969.5187248770224
227,227,2024-04-29 17:00:00+03:00,0.11283,1,0.11061,8690.87012277879,0.0,-2.0,,1,980.5908759531309
228,228,2024-04-29 19:00:00+03:00,0.11281,0,0.11283,8690.87012277879,0.0,,,0,980.4170585506752
229,229,2024-04-29 21:00:00+03:00,0.11268,1,0.11281,8690.87012277879,0.0,,,1,979.287245434714
230,230,2024-04-29 23:00:00+03:00,0.11122,0,0.11266,8690.87012277879,0.0,,,0,966.598575055457
231,231,2024-04-30 01:00:00+03:00,0.11303,1,0.11122,8690.87012277879,0.0,,,1,982.3290499776866
232,232,2024-04-30 03:00:00+03:00,0.11234,0,0.11305,8690.87012277879,0.0,,,0,976.3323495929692
233,233,2024-04-30 05:00:00+03:00,0.11409,0,0.11233,8690.87012277879,0.0,,,0,991.541372307832
234,234,2024-04-30 07:00:00+03:00,0.11432,0,0.11409,8690.87012277879,0.0,,,0,993.5402724360713
235,235,2024-04-30 09:00:00+03:00,0.11642,0,0.11433,8690.87012277879,0.0,,,0,1011.7910996939066
236,236,2024-04-30 11:00:00+03:00,0.11236,0,0.11642,8690.87012277879,0.0,,,0,976.5061669954248
237,237,2024-04-30 13:00:00+03:00,0.10799,0,0.11236,8690.87012277879,0.0,,,0,938.5270645588815
238,238,2024-04-30 15:00:00+03:00,0.10575,1,0.10798,8690.87012277879,0.0,,,1,919.059515483857
239,239,2024-04-30 17:00:00+03:00,0.106,0,0.10574,0.0,945.8482728027742,,2.0,0,945.8482728027742
240,240,2024-04-30 19:00:00+03:00,0.10508,0,0.10601,0.0,945.8482728027742,,,0,945.8482728027742
241,241,2024-04-30 21:00:00+03:00,0.10499,1,0.10509,8961.568055345597,0.0,-2.0,,1,940.8750301307342
242,242,2024-04-30 23:00:00+03:00,0.10633,1,0.105,8961.568055345597,0.0,,,1,952.8835313248973
243,243,2024-05-01 01:00:00+03:00,0.10766,0,0.10632,8961.568055345597,0.0,,,0,964.802416838507
244,244,2024-05-01 03:00:00+03:00,0.11108,0,0.10766,8961.568055345597,0.0,,,0,995.4509795877889
245,245,2024-05-01 05:00:00+03:00,0.11058,0,0.11106,8961.568055345597,0.0,,,0,990.970195560116
246,246,2024-05-01 07:00:00+03:00,0.1105,0,0.11058,0.0,988.66705335392,,2.0,0,988.66705335392
247,247,2024-05-01 09:00:00+03:00,0.10762,0,0.11049,0.0,988.66705335392,,,0,988.66705335392
248,248,2024-05-01 11:00:00+03:00,0.10624,1,0.10762,9168.822212828172,0.0,-2.0,,1,974.095671890865
249,249,2024-05-01 13:00:00+03:00,0.10896,1,0.10622,9168.822212828172,0.0,,,1,999.0348683097577
250,250,2024-05-01 15:00:00+03:00,0.11147,0,0.10896,9168.822212828172,0.0,,,0,1022.0486120639564
251,251,2024-05-01 17:00:00+03:00,0.11012,0,0.11148,9168.822212828172,0.0,,,0,1009.6707020766382
252,252,2024-05-01 19:00:00+03:00,0.11079,1,0.11012,9168.822212828172,0.0,,,1,1015.8138129592332
253,253,2024-05-01 21:00:00+03:00,0.1128,1,0.11079,9168.822212828172,0.0,,,1,1034.2431456070178
254,254,2024-05-01 23:00:00+03:00,0.11537,1,0.11284,9168.822212828172,0.0,,,1,1057.8070186939863
255,255,2024-05-02 01:00:00+03:00,0.11637,0,0.11538,0.0,1033.4244541945186,,2.0,0,1033.4244541945186
256,256,2024-05-02 03:00:00+03:00,0.11361,0,0.11638,0.0,1033.4244541945186,,,0,1033.4244541945186
257,257,2024-05-02 05:00:00+03:00,0.11463,1,0.11361,9039.081696018446,0.0,-2.0,,1,1036.1499348145944
258,258,2024-05-02 07:00:00+03:00,0.11254,0,0.11463,9039.081696018446,0.0,,,0,1017.2582540699159
259,259,2024-05-02 09:00:00+03:00,0.11321,1,0.11255,9039.081696018446,0.0,,,1,1023.3144388062483
260,260,2024-05-02 11:00:00+03:00,0.11501,0,0.11321,9039.081696018446,0.0,,,0,1039.5847858590814
261,261,2024-05-02 13:00:00+03:00,0.11584,1,0.11501,9039.081696018446,0.0,,,1,1047.0872236667767
262,262,2024-05-02 15:00:00+03:00,0.1149,0,0.11583,9039.081696018446,0.0,,,0,1038.5904868725195
263,263,2024-05-02 17:00:00+03:00,0.11712,1,0.1149,9039.081696018446,0.0,,,1,1058.6572482376803
264,264,2024-05-02 19:00:00+03:00,0.11971,0,0.11711,9039.081696018446,0.0,,,0,1082.068469830368
265,265,2024-05-02 21:00:00+03:00,0.11831,0,0.11971,9039.081696018446,0.0,,,0,1069.4137554559422
266,266,2024-05-02 23:00:00+03:00,0.1188,0,0.11831,0.0,1080.2082463581755,,2.0,0,1080.2082463581755
267,267,2024-05-03 01:00:00+03:00,0.11789,0,0.11879,0.0,1080.2082463581755,,,0,1080.2082463581755
268,268,2024-05-03 03:00:00+03:00,0.11933,1,0.1179,9098.770660226794,0.0,-2.0,,1,1085.7563028848633
269,269,2024-05-03 05:00:00+03:00,0.1177,0,0.11932,9098.770660226794,0.0,,,0,1070.9253067086936
270,270,2024-05-03 07:00:00+03:00,0.11733,1,0.1177,9098.770660226794,0.0,,,1,1067.5587615644097
271,271,2024-05-03 09:00:00+03:00,0.1163,0,0.11733,9098.770660226794,0.0,,,0,1058.1870277843761
272,272,2024-05-03 11:00:00+03:00,0.11626,1,0.11631,9098.770660226794,0.0,,,1,1057.823076957967
273,273,2024-05-03 13:00:00+03:00,0.11508,0,0.11626,9098.770660226794,0.0,,,0,1047.0865275788994
274,274,2024-05-03 15:00:00+03:00,0.1182,1,0.11508,9098.770660226794,0.0,,,1,1075.474692038807
275,275,2024-05-03 17:00:00+03:00,0.11847,0,0.11819,0.0,1053.8358630645725,,2.0,0,1053.8358630645725
276,276,2024-05-03 19:00:00+03:00,0.11945,1,0.11848,8840.130118482413,0.0,-2.0,,1,1055.9535426527243
277,277,2024-05-03 21:00:00+03:00,0.11954,0,0.11945,8840.130118482413,0.0,,,0,1056.7491543633876
278,278,2024-05-03 23:00:00+03:00,0.12091,0,0.11955,8840.130118482413,0.0,,,0,1068.8601326257087
279,279,2024-05-04 01:00:00+03:00,0.12023,0,0.12096,8840.130118482413,0.0,,,0,1062.8488441451407
280,280,2024-05-04 03:00:00+03:00,0.11897,0,0.12023,8840.130118482413,0.0,,,0,1051.7102801958529
281,281,2024-05-04 05:00:00+03:00,0.11955,0,0.11897,8840.130118482413,0.0,,,0,1056.8375556645726
282,282,2024-05-04 07:00:00+03:00,0.11965,1,0.11954,8840.130118482413,0.0,,,1,1057.7215686764207
283,283,2024-05-04 09:00:00+03:00,0.1185,0,0.11964,8840.130118482413,0.0,,,0,1047.5554190401658
284,284,2024-05-04 11:00:00+03:00,0.11984,1,0.11851,8840.130118482413,0.0,,,1,1059.4011933989325
285,285,2024-05-04 13:00:00+03:00,0.11996,1,0.11985,8840.130118482413,0.0,,,1,1060.4620090131502
286,286,2024-05-04 15:00:00+03:00,0.11965,1,0.11995,8840.130118482413,0.0,,,1,1057.7215686764207
287,287,2024-05-04 17:00:00+03:00,0.12017,0,0.11965,8840.130118482413,0.0,,,0,1062.3184363380317
288,288,2024-05-04 19:00:00+03:00,0.11968,0,0.12017,8840.130118482413,0.0,,,0,1057.9867725799752
289,289,2024-05-04 21:00:00+03:00,0.12075,1,0.11968,8840.130118482413,0.0,,,1,1067.4457118067514
290,290,2024-05-04 23:00:00+03:00,0.11986,0,0.12074,8840.130118482413,0.0,,,0,1059.577996001302
291,291,2024-05-05 01:00:00+03:00,0.11943,0,0.11987,8840.130118482413,0.0,,,0,1055.7767400503546
292,292,2024-05-05 03:00:00+03:00,0.11839,0,0.11945,8840.130118482413,0.0,,,0,1046.583004727133
293,293,2024-05-05 05:00:00+03:00,0.11828,1,0.11839,8840.130118482413,0.0,,,1,1045.6105904140998
294,294,2024-05-05 07:00:00+03:00,0.11633,0,0.11828,8840.130118482413,0.0,,,0,1028.372336683059
295,295,2024-05-05 09:00:00+03:00,0.11796,1,0.11633,8840.130118482413,0.0,,,1,1042.7817487761854
296,296,2024-05-05 11:00:00+03:00,0.11833,0,0.11795,8840.130118482413,0.0,,,0,1046.052596920024
297,297,2024-05-05 13:00:00+03:00,0.11852,0,0.11833,8840.130118482413,0.0,,,0,1047.7322216425357
298,298,2024-05-05 15:00:00+03:00,0.11888,0,0.11852,8840.130118482413,0.0,,,0,1050.9146684851894
299,299,2024-05-05 17:00:00+03:00,0.12222,1,0.11887,8840.130118482413,0.0,,,1,1080.4407030809205
300,300,2024-05-05 19:00:00+03:00,0.12216,0,0.12221,8840.130118482413,0.0,,,0,1079.9102952738117
301,301,2024-05-05 21:00:00+03:00,0.12033,0,0.12217,8840.130118482413,0.0,,,0,1063.7328571569888
302,302,2024-05-05 23:00:00+03:00,0.12112,0,0.12032,8840.130118482413,0.0,,,0,1070.71655995059
303,303,2024-05-06 01:00:00+03:00,0.12133,0,0.12113,8840.130118482413,0.0,,,0,1072.5729872754712
304,304,2024-05-06 03:00:00+03:00,0.12188,0,0.12133,8840.130118482413,0.0,,,0,1077.4350588406367
305,305,2024-05-06 05:00:00+03:00,0.12161,0,0.12189,8840.130118482413,0.0,,,0,1075.0482237086462
306,306,2024-05-06 07:00:00+03:00,0.12399,1,0.12159,8840.130118482413,0.0,,,1,1096.0877333906344
307,307,2024-05-06 09:00:00+03:00,0.12772,1,0.12399,8840.130118482413,0.0,,,1,1129.0614187325739
308,308,2024-05-06 11:00:00+03:00,0.12689,0,0.12771,8840.130118482413,0.0,,,0,1121.7241107342334
309,309,2024-05-06 13:00:00+03:00,0.12425,0,0.12688,0.0,1101.543781764821,,2.0,0,1101.543781764821
310,310,2024-05-06 15:00:00+03:00,0.12429,0,0.12427,0.0,1101.543781764821,,,0,1101.543781764821
311,311,2024-05-06 17:00:00+03:00,0.12466,1,0.12429,8817.558415191528,0.0,-2.0,,1,1099.196832037776
312,312,2024-05-06 19:00:00+03:00,0.1228,0,0.12468,8817.558415191528,0.0,,,0,1082.7961733855198
313,313,2024-05-06 21:00:00+03:00,0.12267,1,0.1228,8817.558415191528,0.0,,,1,1081.6498907915447
314,314,2024-05-06 23:00:00+03:00,0.12336,1,0.12268,8817.558415191528,0.0,,,1,1087.7340060980268
315,315,2024-05-07 01:00:00+03:00,0.12177,0,0.12334,8817.558415191528,0.0,,,0,1073.7140882178724
316,316,2024-05-07 03:00:00+03:00,0.12513,1,0.12177,8817.558415191528,0.0,,,1,1103.3410844929158
317,317,2024-05-07 05:00:00+03:00,0.12364,0,0.12513,0.0,1074.6505980519416,,2.0,0,1074.6505980519416
318,318,2024-05-07 07:00:00+03:00,0.12275,1,0.12366,8664.010352943098,0.0,-2.0,,1,1063.5072708237653
319,319,2024-05-07 09:00:00+03:00,0.12453,0,0.12276,8664.010352943098,0.0,,,0,1078.929209252004
320,320,2024-05-07 11:00:00+03:00,0.1258,1,0.12455,8664.010352943098,0.0,,,1,1089.9325024002417
321,321,2024-05-07 13:00:00+03:00,0.12504,0,0.12582,8664.010352943098,0.0,,,0,1083.3478545320052
322,322,2024-05-07 15:00:00+03:00,0.12568,0,0.12504,8664.010352943098,0.0,,,0,1088.8928211578884
323,323,2024-05-07 17:00:00+03:00,0.12759,1,0.12565,8664.010352943098,0.0,,,1,1105.44108093201
324,324,2024-05-07 19:00:00+03:00,0.12913,0,0.12759,8664.010352943098,0.0,,,0,1118.7836568755422
325,325,2024-05-07 21:00:00+03:00,0.12764,0,0.12912,8664.010352943098,0.0,,,0,1105.874281449657
326,326,2024-05-07 23:00:00+03:00,0.12772,1,0.12763,8664.010352943098,0.0,,,1,1106.5674022778924
327,327,2024-05-08 01:00:00+03:00,0.12562,0,0.12772,8664.010352943098,0.0,,,0,1088.372980536712
328,328,2024-05-08 03:00:00+03:00,0.12576,1,0.12561,8664.010352943098,0.0,,,1,1089.585941986124
329,329,2024-05-08 05:00:00+03:00,0.12752,1,0.12576,8664.010352943098,0.0,,,1,1104.8346002073038
330,330,2024-05-08 07:00:00+03:00,0.12492,0,0.12753,8664.010352943098,0.0,,,0,1082.308173289652
331,331,2024-05-08 09:00:00+03:00,0.12489,0,0.12492,8664.010352943098,0.0,,,0,1082.0482529790636
332,332,2024-05-08 11:00:00+03:00,0.1247,1,0.12489,8664.010352943098,0.0,,,1,1080.4020910120043
333,333,2024-05-08 13:00:00+03:00,0.12431,0,0.12471,8664.010352943098,0.0,,,0,1077.0231269743565
334,334,2024-05-08 15:00:00+03:00,0.12588,1,0.12432,8664.010352943098,0.0,,,1,1090.625623228477
335,335,2024-05-08 17:00:00+03:00,0.12655,0,0.12587,8664.010352943098,0.0,,,0,1096.430510164949
336,336,2024-05-08 19:00:00+03:00,0.12726,0,0.12655,8664.010352943098,0.0,,,0,1102.5819575155388
337,337,2024-05-08 21:00:00+03:00,0.12633,0,0.12727,8664.010352943098,0.0,,,0,1094.5244278873015
338,338,2024-05-08 23:00:00+03:00,0.12242,0,0.12633,8664.010352943098,0.0,,,0,1060.6481474072941
339,339,2024-05-09 01:00:00+03:00,0.12179,0,0.12241,8664.010352943098,0.0,,,0,1055.1898208849398
340,340,2024-05-09 03:00:00+03:00,0.12245,1,0.1218,8664.010352943098,0.0,,,1,1060.9080677178824
341,341,2024-05-09 05:00:00+03:00,0.12279,1,0.12244,8664.010352943098,0.0,,,1,1063.853831237883
342,342,2024-05-09 07:00:00+03:00,0.12275,0,0.12277,8664.010352943098,0.0,,,0,1063.5072708237653
343,343,2024-05-09 09:00:00+03:00,0.12131,0,0.12275,8664.010352943098,0.0,,,0,1051.0310959155272
344,344,2024-05-09 11:00:00+03:00,0.12221,0,0.1213,8664.010352943098,0.0,,,0,1058.828705233176
345,345,2024-05-09 13:00:00+03:00,0.12147,1,0.12221,8664.010352943098,0.0,,,1,1052.4173375719981
346,346,2024-05-09 15:00:00+03:00,0.12091,1,0.12149,8664.010352943098,0.0,,,1,1047.56549177435
347,347,2024-05-09 17:00:00+03:00,0.12373,1,0.12091,8664.010352943098,0.0,,,1,1071.9980009696496
348,348,2024-05-09 19:00:00+03:00,0.12248,0,0.12375,0.0,1048.4138769534939,,2.0,0,1048.4138769534939
349,349,2024-05-09 21:00:00+03:00,0.12453,1,0.12248,8492.928753415275,0.0,-2.0,,1,1057.6244176628043
350,350,2024-05-09 23:00:00+03:00,0.12592,0,0.12452,8492.928753415275,0.0,,,0,1069.4295886300515
351,351,2024-05-10 01:00:00+03:00,0.12806,1,0.12593,8492.928753415275,0.0,,,1,1087.6044561623603
352,352,2024-05-10 03:00:00+03:00,0.12975,1,0.12806,8492.928753415275,0.0,,,1,1101.957505755632
353,353,2024-05-10 05:00:00+03:00,0.12869,0,0.12975,8492.928753415275,0.0,,,0,1092.955001277012
354,354,2024-05-10 07:00:00+03:00,0.12924,0,0.12868,0.0,1095.8763152325632,,2.0,0,1095.8763152325632
355,355,2024-05-10 09:00:00+03:00,0.12869,1,0.12923,8448.946514257963,0.0,-2.0,,1,1087.2949269198573
356,356,2024-05-10 11:00:00+03:00,0.12995,0,0.1287,8448.946514257963,0.0,,,0,1097.9405995278223
357,357,2024-05-10 13:00:00+03:00,0.13029,1,0.12994,8448.946514257963,0.0,,,1,1100.81324134267
358,358,2024-05-10 15:00:00+03:00,0.13091,0,0.13028,8448.946514257963,0.0,,,0,1106.05158818151
359,359,2024-05-10 17:00:00+03:00,0.12703,0,0.13091,8448.946514257963,0.0,,,0,1073.269675706189
360,360,2024-05-10 19:00:00+03:00,0.1255,1,0.12703,8448.946514257963,0.0,,,1,1060.3427875393743
361,361,2024-05-10 21:00:00+03:00,0.12392,1,0.1255,8448.946514257963,0.0,,,1,1046.9934520468469
362,362,2024-05-10 23:00:00+03:00,0.12611,1,0.12392,0.0,1069.1214743777366,,2.0,1,1069.1214743777366
363,363,2024-05-11 01:00:00+03:00,0.12567,0,0.12611,0.0,1069.1214743777366,,,0,1069.1214743777366
364,364,2024-05-11 03:00:00+03:00,0.12418,1,0.1257,8487.594721865426,0.0,-2.0,,1,1053.9895125612486
365,365,2024-05-11 05:00:00+03:00,0.12455,0,0.1242,8487.594721865426,0.0,,,0,1057.1299226083388
366,366,2024-05-11 07:00:00+03:00,0.12422,1,0.12455,8487.594721865426,0.0,,,1,1054.329016350123
367,367,2024-05-11 09:00:00+03:00,0.12486,0,0.12422,8487.594721865426,0.0,,,0,1059.761076972117
368,368,2024-05-11 11:00:00+03:00,0.12336,0,0.12487,8487.594721865426,0.0,,,0,1047.0296848893188
369,369,2024-05-11 13:00:00+03:00,0.12244,0,0.12334,8487.594721865426,0.0,,,0,1039.2210977452025
370,370,2024-05-11 15:00:00+03:00,0.12283,1,0.12244,8487.594721865426,0.0,,,1,1042.5312596867302
371,371,2024-05-11 17:00:00+03:00,0.12477,0,0.12283,0.0,1043.0197191881762,,2.0,0,1043.0197191881762
372,372,2024-05-11 19:00:00+03:00,0.12343,0,0.12477,0.0,1043.0197191881762,,,0,1043.0197191881762
373,373,2024-05-11 21:00:00+03:00,0.12378,0,0.12345,0.0,1043.0197191881762,,,0,1043.0197191881762
374,374,2024-05-11 23:00:00+03:00,0.12285,0,0.12378,0.0,1043.0197191881762,,,0,1043.0197191881762
375,375,2024-05-12 01:00:00+03:00,0.12237,0,0.12285,0.0,1043.0197191881762,,,0,1043.0197191881762
376,376,2024-05-12 03:00:00+03:00,0.12196,1,0.12238,8490.270576730469,0.0,-2.0,,1,1035.473399538048
377,377,2024-05-12 05:00:00+03:00,0.12223,0,0.12197,8490.270576730469,0.0,,,0,1037.7657725937652
378,378,2024-05-12 07:00:00+03:00,0.12236,0,0.12221,8490.270576730469,0.0,,,0,1038.86950776874
379,379,2024-05-12 09:00:00+03:00,0.12229,0,0.12236,8490.270576730469,0.0,,,0,1038.275188828369
380,380,2024-05-12 11:00:00+03:00,0.12334,1,0.12227,8490.270576730469,0.0,,,1,1047.1899729339361
381,381,2024-05-12 13:00:00+03:00,0.12496,1,0.12335,8490.270576730469,0.0,,,1,1060.9442112682393
382,382,2024-05-12 15:00:00+03:00,0.1278,0,0.12496,8490.270576730469,0.0,,,0,1085.0565797061538
383,383,2024-05-12 17:00:00+03:00,0.12655,0,0.12779,8490.270576730469,0.0,,,0,1074.4437414852407
384,384,2024-05-12 19:00:00+03:00,0.12605,0,0.12654,8490.270576730469,0.0,,,0,1070.1986061968755
385,385,2024-05-12 21:00:00+03:00,0.1263,0,0.12604,8490.270576730469,0.0,,,0,1072.3211738410582
386,386,2024-05-12 23:00:00+03:00,0.12607,0,0.12632,8490.270576730469,0.0,,,0,1070.36841160841
387,387,2024-05-13 01:00:00+03:00,0.12624,1,0.12607,8490.270576730469,0.0,,,1,1071.8117576064542
388,388,2024-05-13 03:00:00+03:00,0.12379,0,0.12623,8490.270576730469,0.0,,,0,1051.0105946934648
389,389,2024-05-13 05:00:00+03:00,0.11814,0,0.12379,8490.270576730469,0.0,,,0,1003.0405659349375
390,390,2024-05-13 07:00:00+03:00,0.11749,1,0.11813,8490.270576730469,0.0,,,1,997.5218900600628
391,391,2024-05-13 09:00:00+03:00,0.12149,1,0.11749,0.0,1017.5551078427928,,2.0,1,1017.5551078427928
392,392,2024-05-13 11:00:00+03:00,0.12185,0,0.12148,0.0,1017.5551078427928,,,0,1017.5551078427928
393,393,2024-05-13 13:00:00+03:00,0.12042,0,0.12186,0.0,1017.5551078427928,,,0,1017.5551078427928
394,394,2024-05-13 15:00:00+03:00,0.11974,0,0.12042,0.0,1017.5551078427928,,,0,1017.5551078427928
395,395,2024-05-13 17:00:00+03:00,0.12006,1,0.11976,8454.148805353865,0.0,-2.0,,1,1015.0051055707851
396,396,2024-05-13 19:00:00+03:00,0.11854,0,0.12007,8454.148805353865,0.0,,,0,1002.1547993866473
397,397,2024-05-13 21:00:00+03:00,0.11801,1,0.11854,8454.148805353865,0.0,,,1,997.6741005198096
398,398,2024-05-13 23:00:00+03:00,0.11811,1,0.11801,8454.148805353865,0.0,,,1,998.5195154003451
399,399,2024-05-14 01:00:00+03:00,0.11704,0,0.11811,8454.148805353865,0.0,,,0,989.4735761786164
400,400,2024-05-14 03:00:00+03:00,0.11577,0,0.11703,8454.148805353865,0.0,,,0,978.7368071958169
401,401,2024-05-14 05:00:00+03:00,0.11536,1,0.11577,0.0,992.7120876603501,,2.0,1,992.7120876603501
402,402,2024-05-14 07:00:00+03:00,0.11648,1,0.11536,8550.014563139177,0.0,-2.0,,1,995.9056963144513
403,403,2024-05-14 09:00:00+03:00,0.11594,0,0.11648,8550.014563139177,0.0,,,0,991.2886884503562
404,404,2024-05-14 11:00:00+03:00,0.11491,0,0.11594,8550.014563139177,0.0,,,0,982.4821734503228
405,405,2024-05-14 13:00:00+03:00,0.1144,0,0.1149,8550.014563139177,0.0,,,0,978.1216660231219
406,406,2024-05-14 15:00:00+03:00,0.11406,0,0.11441,8550.014563139177,0.0,,,0,975.2146610716545
407,407,2024-05-14 17:00:00+03:00,0.1133,1,0.11406,8550.014563139177,0.0,,,1,968.7166500036687
408,408,2024-05-14 19:00:00+03:00,0.11272,0,0.11329,8550.014563139177,0.0,,,0,963.757641557048
409,409,2024-05-14 21:00:00+03:00,0.11307,1,0.11273,8550.014563139177,0.0,,,1,966.7501466541468
410,410,2024-05-14 23:00:00+03:00,0.11286,0,0.11308,0.0,968.4754856005611,,2.0,0,968.4754856005611
411,411,2024-05-15 01:00:00+03:00,0.11162,0,0.11285,0.0,968.4754856005611,,,0,968.4754856005611
412,412,2024-05-15 03:00:00+03:00,0.11295,1,0.11162,8616.9614242654,0.0,-2.0,,1,973.285792870777
413,413,2024-05-15 05:00:00+03:00,0.11265,1,0.11295,8616.9614242654,0.0,,,1,970.7007044434973
414,414,2024-05-15 07:00:00+03:00,0.11271,0,0.11265,8616.9614242654,0.0,,,0,971.2177221289534
415,415,2024-05-15 09:00:00+03:00,0.11347,0,0.11269,8616.9614242654,0.0,,,0,977.766612811395
416,416,2024-05-15 11:00:00+03:00,0.11436,1,0.11347,8616.9614242654,0.0,,,1,985.4357084789913
417,417,2024-05-15 13:00:00+03:00,0.11357,0,0.11436,8616.9614242654,0.0,,,0,978.6283089538216
418,418,2024-05-15 15:00:00+03:00,0.11727,1,0.11357,8616.9614242654,0.0,,,1,1010.5110662236035
419,419,2024-05-15 17:00:00+03:00,0.11769,0,0.11727,8616.9614242654,0.0,,,0,1014.130190021795
420,420,2024-05-15 19:00:00+03:00,0.11775,0,0.11767,8616.9614242654,0.0,,,0,1014.6472077072509
421,421,2024-05-15 21:00:00+03:00,0.11968,1,0.11773,0.0,1012.3187132111266,,2.0,1,1012.3187132111266
422,422,2024-05-15 23:00:00+03:00,0.11884,0,0.11967,0.0,1012.3187132111266,,,0,1012.3187132111266
423,423,2024-05-16 01:00:00+03:00,0.11937,0,0.11885,0.0,1012.3187132111266,,,0,1012.3187132111266
424,424,2024-05-16 03:00:00+03:00,0.12088,1,0.11936,8421.607826929374,0.0,-2.0,,1,1018.0039541192227
425,425,2024-05-16 05:00:00+03:00,0.12179,1,0.12088,8421.607826929374,0.0,,,1,1025.6676172417285
426,426,2024-05-16 07:00:00+03:00,0.12076,0,0.12179,8421.607826929374,0.0,,,0,1016.9933611799912
427,427,2024-05-16 09:00:00+03:00,0.12164,1,0.12077,8421.607826929374,0.0,,,1,1024.404376067689
428,428,2024-05-16 11:00:00+03:00,0.12152,0,0.12165,8421.607826929374,0.0,,,0,1023.3937831284576
429,429,2024-05-16 13:00:00+03:00,0.12048,0,0.12154,8421.607826929374,0.0,,,0,1014.635310988451
430,430,2024-05-16 15:00:00+03:00,0.11881,0,0.12043,8421.607826929374,0.0,,,0,1000.571225917479
431,431,2024-05-16 17:00:00+03:00,0.11774,0,0.1188,8421.607826929374,0.0,,,0,991.5601055426645
432,432,2024-05-16 19:00:00+03:00,0.11744,0,0.11773,8421.607826929374,0.0,,,0,989.0336231945857
433,433,2024-05-16 21:00:00+03:00,0.11779,0,0.11743,8421.607826929374,0.0,,,0,991.981185934011
434,434,2024-05-16 23:00:00+03:00,0.11796,0,0.11779,8421.607826929374,0.0,,,0,993.4128592645889
435,435,2024-05-17 01:00:00+03:00,0.11777,0,0.11797,8421.607826929374,0.0,,,0,991.8127537774724
436,436,2024-05-17 03:00:00+03:00,0.11697,0,0.11778,8421.607826929374,0.0,,,0,985.075467515929
437,437,2024-05-17 05:00:00+03:00,0.11554,0,0.11698,8421.607826929374,0.0,,,0,973.0325683234199
438,438,2024-05-17 07:00:00+03:00,0.11655,0,0.11552,0.0,987.603513421643,,2.0,0,987.603513421643
439,439,2024-05-17 09:00:00+03:00,0.1194,1,0.11655,8394.461215943013,0.0,-2.0,,1,1002.2986691835957
440,440,2024-05-17 11:00:00+03:00,0.11902,0,0.11939,8394.461215943013,0.0,,,0,999.1087739215374
441,441,2024-05-17 13:00:00+03:00,0.11884,0,0.11902,8394.461215943013,0.0,,,0,997.5977709026677
442,442,2024-05-17 15:00:00+03:00,0.11921,0,0.11885,8394.461215943013,0.0,,,0,1000.7037215525665
443,443,2024-05-17 17:00:00+03:00,0.12064,1,0.11923,8394.461215943013,0.0,,,1,1012.707801091365
444,444,2024-05-17 19:00:00+03:00,0.11998,0,0.12063,8394.461215943013,0.0,,,0,1007.1674566888427
445,445,2024-05-17 21:00:00+03:00,0.12048,0,0.11996,8394.461215943013,0.0,,,0,1011.3646872968142
446,446,2024-05-17 23:00:00+03:00,0.12071,0,0.12048,8394.461215943013,0.0,,,0,1013.2954133764811
447,447,2024-05-18 01:00:00+03:00,0.12074,1,0.1207,8394.461215943013,0.0,,,1,1013.5472472129593
448,448,2024-05-18 03:00:00+03:00,0.12193,0,0.12074,8394.461215943013,0.0,,,0,1023.5366560599315
449,449,2024-05-18 05:00:00+03:00,0.1225,1,0.12192,8394.461215943013,0.0,,,1,1028.321498953019
450,450,2024-05-18 07:00:00+03:00,0.1222,0,0.12249,8394.461215943013,0.0,,,0,1025.803160588236
451,451,2024-05-18 09:00:00+03:00,0.12095,1,0.12219,8394.461215943013,0.0,,,1,1015.3100840683073
452,452,2024-05-18 11:00:00+03:00,0.12187,1,0.12095,8394.461215943013,0.0,,,1,1023.032988386975
453,453,2024-05-18 13:00:00+03:00,0.12083,0,0.12188,8394.461215943013,0.0,,,0,1014.3027487223943
454,454,2024-05-18 15:00:00+03:00,0.11991,0,0.12083,8394.461215943013,0.0,,,0,1006.5798444037266
455,455,2024-05-18 17:00:00+03:00,0.12,1,0.1199,8394.461215943013,0.0,,,1,1007.3353459131615
456,456,2024-05-18 19:00:00+03:00,0.12043,0,0.12001,8394.461215943013,0.0,,,0,1010.944964236017
457,457,2024-05-18 21:00:00+03:00,0.12043,0,0.12043,8394.461215943013,0.0,,,0,1010.944964236017
458,458,2024-05-18 23:00:00+03:00,0.11993,0,0.12041,8394.461215943013,0.0,,,0,1006.7477336280455
459,459,2024-05-19 01:00:00+03:00,0.11947,1,0.11992,8394.461215943013,0.0,,,1,1002.8862814687118
460,460,2024-05-19 03:00:00+03:00,0.11905,1,0.11946,8394.461215943013,0.0,,,1,999.3606077580157
461,461,2024-05-19 05:00:00+03:00,0.11979,1,0.11908,8394.461215943013,0.0,,,1,1005.5725090578135
462,462,2024-05-19 07:00:00+03:00,0.11901,0,0.11978,8394.461215943013,0.0,,,0,999.024829309378
463,463,2024-05-19 09:00:00+03:00,0.11945,0,0.11903,8394.461215943013,0.0,,,0,1002.7183922443928
464,464,2024-05-19 11:00:00+03:00,0.1185,0,0.11945,8394.461215943013,0.0,,,0,994.7436540892469
465,465,2024-05-19 13:00:00+03:00,0.11822,0,0.11848,8394.461215943013,0.0,,,0,992.393204948783
466,466,2024-05-19 15:00:00+03:00,0.11704,0,0.11818,8394.461215943013,0.0,,,0,982.4877407139702
467,467,2024-05-19 17:00:00+03:00,0.11593,1,0.11706,8394.461215943013,0.0,,,1,973.1698887642735
468,468,2024-05-19 19:00:00+03:00,0.115,0,0.11592,8394.461215943013,0.0,,,0,965.3630398334465
469,469,2024-05-19 21:00:00+03:00,0.11532,0,0.115,8394.461215943013,0.0,,,0,968.0492674225483
470,470,2024-05-19 23:00:00+03:00,0.11476,0,0.11533,8394.461215943013,0.0,,,0,963.3483691416201
471,471,2024-05-20 01:00:00+03:00,0.11433,1,0.11476,8394.461215943013,0.0,,,1,959.7387508187646
472,472,2024-05-20 03:00:00+03:00,0.11522,0,0.11432,0.0,963.4916116590207,,2.0,0,963.4916116590207
473,473,2024-05-20 05:00:00+03:00,0.1154,1,0.11521,8322.538346926238,0.0,-2.0,,1,960.4209252352879
474,474,2024-05-20 07:00:00+03:00,0.1181,1,0.1154,8322.538346926238,0.0,,,1,982.8917787719887
475,475,2024-05-20 09:00:00+03:00,0.11664,0,0.11811,8322.538346926238,0.0,,,0,970.7408727854763
476,476,2024-05-20 11:00:00+03:00,0.11677,1,0.11664,8322.538346926238,0.0,,,1,971.8228027705768
477,477,2024-05-20 13:00:00+03:00,0.11686,0,0.11676,8322.538346926238,0.0,,,0,972.5718312218002
478,478,2024-05-20 15:00:00+03:00,0.11777,1,0.11687,8322.538346926238,0.0,,,1,980.145341117503
479,479,2024-05-20 17:00:00+03:00,0.11923,1,0.11777,8322.538346926238,0.0,,,1,992.2962471040154
480,480,2024-05-20 19:00:00+03:00,0.11937,1,0.11924,8322.538346926238,0.0,,,1,993.4614024725851
481,481,2024-05-20 21:00:00+03:00,0.12168,1,0.11938,8322.538346926238,0.0,,,1,1012.6864660539846
482,482,2024-05-20 23:00:00+03:00,0.12277,0,0.12168,8322.538346926238,0.0,,,0,1021.7580328521343
483,483,2024-05-21 01:00:00+03:00,0.12503,0,0.12275,0.0,1007.1091943768829,,2.0,0,1007.1091943768829
484,484,2024-05-21 03:00:00+03:00,0.12487,0,0.12505,0.0,1007.1091943768829,,,0,1007.1091943768829
485,485,2024-05-21 05:00:00+03:00,0.12393,0,0.12485,0.0,1007.1091943768829,,,0,1007.1091943768829
486,486,2024-05-21 07:00:00+03:00,0.12547,1,0.12393,8069.81119305033,0.0,-2.0,,1,1012.5192103920249
487,487,2024-05-21 09:00:00+03:00,0.12548,0,0.12546,8069.81119305033,0.0,,,0,1012.5999085039555
488,488,2024-05-21 11:00:00+03:00,0.12591,0,0.1255,8069.81119305033,0.0,,,0,1016.069927316967
489,489,2024-05-21 13:00:00+03:00,0.1248,0,0.1259,8069.81119305033,0.0,,,0,1007.1124368926811
490,490,2024-05-21 15:00:00+03:00,0.12574,0,0.12484,8069.81119305033,0.0,,,0,1014.6980594141485
491,491,2024-05-21 17:00:00+03:00,0.12261,0,0.12575,8069.81119305033,0.0,,,0,989.439550379901
492,492,2024-05-21 19:00:00+03:00,0.1258,1,0.12261,8069.81119305033,0.0,,,1,1015.1822480857314
493,493,2024-05-21 21:00:00+03:00,0.12359,0,0.12575,8069.81119305033,0.0,,,0,997.3479653490904
494,494,2024-05-21 23:00:00+03:00,0.12423,1,0.12362,8069.81119305033,0.0,,,1,1002.5126445126424
495,495,2024-05-22 01:00:00+03:00,0.12448,1,0.12424,8069.81119305033,0.0,,,1,1004.530097310905
496,496,2024-05-22 03:00:00+03:00,0.12639,0,0.12449,8069.81119305033,0.0,,,0,1019.9434366896312
497,497,2024-05-22 05:00:00+03:00,0.12504,0,0.12638,8069.81119305033,0.0,,,0,1009.0491915790134
498,498,2024-05-22 07:00:00+03:00,0.12467,1,0.12505,8069.81119305033,0.0,,,1,1006.0633614375847
499,499,2024-05-22 09:00:00+03:00,0.12397,1,0.12467,8069.81119305033,0.0,,,1,1000.4144936024494
500,500,2024-05-22 11:00:00+03:00,0.12385,0,0.12396,8069.81119305033,0.0,,,0,999.4461162592834
501,501,2024-05-22 13:00:00+03:00,0.12258,1,0.12384,8069.81119305033,0.0,,,1,989.1974560441095
502,502,2024-05-22 15:00:00+03:00,0.12121,1,0.12256,8069.81119305033,0.0,,,1,978.1418147096305
503,503,2024-05-22 17:00:00+03:00,0.12321,1,0.12122,8069.81119305033,0.0,,,1,994.2814370957311
504,504,2024-05-22 19:00:00+03:00,0.12253,0,0.12322,0.0,982.5211589421432,,2.0,0,982.5211589421432
505,505,2024-05-22 21:00:00+03:00,0.12166,1,0.12251,7994.930633700374,0.0,-2.0,,1,972.6632608959875
506,506,2024-05-22 23:00:00+03:00,0.12246,1,0.12167,7994.930633700374,0.0,,,1,979.0592054029478
507,507,2024-05-23 01:00:00+03:00,0.12158,0,0.12245,7994.930633700374,0.0,,,0,972.0236664452914
508,508,2024-05-23 03:00:00+03:00,0.12197,0,0.12159,7994.930633700374,0.0,,,0,975.1416893924345
509,509,2024-05-23 05:00:00+03:00,0.1239,1,0.12199,7994.930633700374,0.0,,,1,990.5719055154763
510,510,2024-05-23 07:00:00+03:00,0.12213,0,0.1239,7994.930633700374,0.0,,,0,976.4208782938266
511,511,2024-05-23 09:00:00+03:00,0.12172,0,0.12213,7994.930633700374,0.0,,,0,973.1429567340094
512,512,2024-05-23 11:00:00+03:00,0.11895,0,0.12171,7994.930633700374,0.0,,,0,950.9969988786595
513,513,2024-05-23 13:00:00+03:00,0.12041,1,0.11895,7994.930633700374,0.0,,,1,962.669597603862
514,514,2024-05-23 15:00:00+03:00,0.11609,0,0.1204,0.0,958.5333174523655,,2.0,0,958.5333174523655
515,515,2024-05-23 17:00:00+03:00,0.1162,1,0.11608,8218.665313200492,0.0,-2.0,,1,955.0089093938972
516,516,2024-05-23 19:00:00+03:00,0.11511,0,0.1162,8218.665313200492,0.0,,,0,946.0505642025087
517,517,2024-05-23 21:00:00+03:00,0.11435,1,0.11511,8218.665313200492,0.0,,,1,939.8043785644762
518,518,2024-05-23 23:00:00+03:00,0.11712,1,0.11435,8218.665313200492,0.0,,,1,962.5700814820417
519,519,2024-05-24 01:00:00+03:00,0.11685,0,0.11712,8218.665313200492,0.0,,,0,960.3510418474775
520,520,2024-05-24 03:00:00+03:00,0.11807,1,0.11684,8218.665313200492,0.0,,,1,970.3778135295821
521,521,2024-05-24 05:00:00+03:00,0.11833,0,0.11807,8218.665313200492,0.0,,,0,972.5146665110143
522,522,2024-05-24 07:00:00+03:00,0.11634,0,0.11832,8218.665313200492,0.0,,,0,956.1595225377453
523,523,2024-05-24 09:00:00+03:00,0.11576,1,0.11631,8218.665313200492,0.0,,,1,951.392696656089
524,524,2024-05-24 11:00:00+03:00,0.11652,1,0.11576,8218.665313200492,0.0,,,1,957.6388822941213
525,525,2024-05-24 13:00:00+03:00,0.11683,1,0.11651,8218.665313200492,0.0,,,1,960.1866685412135
526,526,2024-05-24 15:00:00+03:00,0.11584,0,0.11681,8218.665313200492,0.0,,,0,952.050189881145
527,527,2024-05-24 17:00:00+03:00,0.11607,1,0.11585,8218.665313200492,0.0,,,1,953.9404829031812
528,528,2024-05-24 19:00:00+03:00,0.11617,0,0.11608,8218.665313200492,0.0,,,0,954.7623494345012
529,529,2024-05-24 21:00:00+03:00,0.11673,1,0.11619,8218.665313200492,0.0,,,1,959.3648020098934
530,530,2024-05-24 23:00:00+03:00,0.11681,0,0.11672,8218.665313200492,0.0,,,0,960.0222952349494
531,531,2024-05-25 01:00:00+03:00,0.11726,0,0.1168,8218.665313200492,0.0,,,0,963.7206946258898
532,532,2024-05-25 03:00:00+03:00,0.11853,0,0.11725,8218.665313200492,0.0,,,0,974.1583995736543
533,533,2024-05-25 05:00:00+03:00,0.11933,0,0.11853,8218.665313200492,0.0,,,0,980.7333318242148
534,534,2024-05-25 07:00:00+03:00,0.11943,0,0.11934,8218.665313200492,0.0,,,0,981.5551983555347
535,535,2024-05-25 09:00:00+03:00,0.11887,0,0.11944,8218.665313200492,0.0,,,0,976.9527457801425
536,536,2024-05-25 11:00:00+03:00,0.11885,1,0.11886,8218.665313200492,0.0,,,1,976.7883724738784
537,537,2024-05-25 13:00:00+03:00,0.11905,0,0.11884,8218.665313200492,0.0,,,0,978.4321055365186
538,538,2024-05-25 15:00:00+03:00,0.1182,0,0.11905,8218.665313200492,0.0,,,0,971.4462400202982
539,539,2024-05-25 17:00:00+03:00,0.1189,1,0.11821,8218.665313200492,0.0,,,1,977.1993057395385
540,540,2024-05-25 19:00:00+03:00,0.11835,0,0.1189,8218.665313200492,0.0,,,0,972.6790398172782
541,541,2024-05-25 21:00:00+03:00,0.13479,0,0.11836,8218.665313200492,0.0,,,0,1107.7938975662944
542,542,2024-05-25 23:00:00+03:00,0.13978,0,0.13479,8218.665313200492,0.0,,,0,1148.8050374791646
543,543,2024-05-26 01:00:00+03:00,0.1363,1,0.13977,0.0,1001.9264134000215,,2.0,1,1001.9264134000215
544,544,2024-05-26 03:00:00+03:00,0.1341,0,0.1363,0.0,1001.9264134000215,,,0,1001.9264134000215
545,545,2024-05-26 05:00:00+03:00,0.13561,0,0.1341,0.0,1001.9264134000215,,,0,1001.9264134000215
546,546,2024-05-26 07:00:00+03:00,0.13546,0,0.13563,0.0,1001.9264134000215,,,0,1001.9264134000215
547,547,2024-05-26 09:00:00+03:00,0.13742,0,0.13546,0.0,1001.9264134000215,,,0,1001.9264134000215
548,548,2024-05-26 11:00:00+03:00,0.13358,0,0.13742,0.0,1001.9264134000215,,,0,1001.9264134000215
549,549,2024-05-26 13:00:00+03:00,0.13473,1,0.13358,7453.985087360596,0.0,-2.0,,1,1004.2754108200929
550,550,2024-05-26 15:00:00+03:00,0.13507,0,0.13472,7453.985087360596,0.0,,,0,1006.8097657497956
551,551,2024-05-26 17:00:00+03:00,0.13449,0,0.13508,7453.985087360596,0.0,,,0,1002.4864543991265
552,552,2024-05-26 19:00:00+03:00,0.1332,0,0.13448,7453.985087360596,0.0,,,0,992.8708136364314
553,553,2024-05-26 21:00:00+03:00,0.13237,1,0.1332,7453.985087360596,0.0,,,1,986.6840060139219
554,554,2024-05-26 23:00:00+03:00,0.13432,0,0.13237,7453.985087360596,0.0,,,0,1001.2192769342752
555,555,2024-05-27 01:00:00+03:00,0.13407,0,0.13433,7453.985087360596,0.0,,,0,999.355780662435
556,556,2024-05-27 03:00:00+03:00,0.13358,1,0.13408,7453.985087360596,0.0,,,1,995.7033279696284
557,557,2024-05-27 05:00:00+03:00,0.13551,0,0.13358,7453.985087360596,0.0,,,0,1010.0895191882342
558,558,2024-05-27 07:00:00+03:00,0.13651,0,0.13552,7453.985087360596,0.0,,,0,1017.5435042755948
559,559,2024-05-27 09:00:00+03:00,0.13344,0,0.13649,7453.985087360596,0.0,,,0,994.6597700573978
560,560,2024-05-27 11:00:00+03:00,0.13447,1,0.13345,7453.985087360596,0.0,,,1,1002.3373746973793
561,561,2024-05-27 13:00:00+03:00,0.13262,0,0.13446,7453.985087360596,0.0,,,0,988.5475022857621
562,562,2024-05-27 15:00:00+03:00,0.13355,1,0.13264,7453.985087360596,0.0,,,1,995.4797084170076
563,563,2024-05-27 17:00:00+03:00,0.13596,1,0.13356,7453.985087360596,0.0,,,1,1013.4438124775465
564,564,2024-05-27 19:00:00+03:00,0.13539,0,0.13595,7453.985087360596,0.0,,,0,1009.1950409777511
565,565,2024-05-27 21:00:00+03:00,0.13397,0,0.1354,7453.985087360596,0.0,,,0,998.610382153699
566,566,2024-05-27 23:00:00+03:00,0.13614,1,0.13398,7453.985087360596,0.0,,,1,1014.7855297932715
567,567,2024-05-28 01:00:00+03:00,0.13765,0,0.13614,7453.985087360596,0.0,,,0,1026.041047275186
568,568,2024-05-28 03:00:00+03:00,0.13331,0,0.13765,7453.985087360596,0.0,,,0,993.6907519960411
569,569,2024-05-28 05:00:00+03:00,0.1394,1,0.13331,7453.985087360596,0.0,,,1,1039.085521178067
570,570,2024-05-28 07:00:00+03:00,0.13995,0,0.1394,7453.985087360596,0.0,,,0,1043.1852129761153
571,571,2024-05-28 09:00:00+03:00,0.14122,0,0.13995,7453.985087360596,0.0,,,0,1052.6517740370634
572,572,2024-05-28 11:00:00+03:00,0.14819,1,0.14125,7453.985087360596,0.0,,,1,1104.6060500959666
573,573,2024-05-28 13:00:00+03:00,0.1494,0,0.14818,0.0,1047.2841317667076,,2.0,0,1047.2841317667076
574,574,2024-05-28 15:00:00+03:00,0.14948,0,0.14943,0.0,1047.2841317667076,,,0,1047.2841317667076
575,575,2024-05-28 17:00:00+03:00,0.14914,1,0.14949,6977.4551811923275,0.0,-2.0,,1,1040.6176657230237
576,576,2024-05-28 19:00:00+03:00,0.14744,0,0.14914,6977.4551811923275,0.0,,,0,1028.7559919149967
577,577,2024-05-28 21:00:00+03:00,0.15287,1,0.14744,6977.4551811923275,0.0,,,1,1066.6435735488712
578,578,2024-05-28 23:00:00+03:00,0.15325,0,0.15286,6977.4551811923275,0.0,,,0,1069.2950065177242
579,579,2024-05-29 01:00:00+03:00,0.15414,0,0.15325,6977.4551811923275,0.0,,,0,1075.5049416289853
580,580,2024-05-29 03:00:00+03:00,0.14902,0,0.15414,6977.4551811923275,0.0,,,0,1039.7803711012807
581,581,2024-05-29 05:00:00+03:00,0.15136,1,0.14902,6977.4551811923275,0.0,,,1,1056.1076162252707
582,582,2024-05-29 07:00:00+03:00,0.15503,1,0.15137,6977.4551811923275,0.0,,,1,1081.7148767402466
583,583,2024-05-29 09:00:00+03:00,0.15521,0,0.15503,6977.4551811923275,0.0,,,0,1082.970818672861
584,584,2024-05-29 11:00:00+03:00,0.14922,1,0.15521,6977.4551811923275,0.0,,,1,1041.175862137519
585,585,2024-05-29 13:00:00+03:00,0.15315,0,0.14923,6977.4551811923275,0.0,,,0,1068.597260999605
586,586,2024-05-29 15:00:00+03:00,0.15413,0,0.15313,6977.4551811923275,0.0,,,0,1075.4351670771734
587,587,2024-05-29 17:00:00+03:00,0.15721,0,0.15414,6977.4551811923275,0.0,,,0,1096.9257290352457
588,588,2024-05-29 19:00:00+03:00,0.15967,1,0.15721,6977.4551811923275,0.0,,,1,1114.090268780979
589,589,2024-05-29 21:00:00+03:00,0.15789,0,0.15966,0.0,1094.6954208324455,,2.0,0,1094.6954208324455
590,590,2024-05-29 23:00:00+03:00,0.15688,1,0.15788,6911.271508363138,0.0,-2.0,,1,1084.2402742320091
591,591,2024-05-30 01:00:00+03:00,0.15443,0,0.15687,6911.271508363138,0.0,,,0,1067.3076590365195
592,592,2024-05-30 03:00:00+03:00,0.16289,1,0.15443,6911.271508363138,0.0,,,1,1125.7770159972717
593,593,2024-05-30 05:00:00+03:00,0.15771,1,0.16288,0.0,1067.9694056099256,,2.0,1,1067.9694056099256
594,594,2024-05-30 07:00:00+03:00,0.1528,0,0.15773,0.0,1067.9694056099256,,,0,1067.9694056099256
595,595,2024-05-30 09:00:00+03:00,0.14725,0,0.15281,0.0,1067.9694056099256,,,0,1067.9694056099256
596,596,2024-05-30 11:00:00+03:00,0.14611,1,0.14725,7231.322817569351,0.0,-2.0,,1,1056.5685768750577
597,597,2024-05-30 13:00:00+03:00,0.14473,1,0.1461,7231.322817569351,0.0,,,1,1046.5893513868123
598,598,2024-05-30 15:00:00+03:00,0.14706,1,0.14474,7231.322817569351,0.0,,,1,1063.4383335517487
599,599,2024-05-30 17:00:00+03:00,0.14508,0,0.14706,7231.322817569351,0.0,,,0,1049.1203143729613
600,600,2024-05-30 19:00:00+03:00,0.1471,1,0.14509,7231.322817569351,0.0,,,1,1063.7275864644516
601,601,2024-05-30 21:00:00+03:00,0.14625,0,0.1471,7231.322817569351,0.0,,,0,1057.5809620695175
602,602,2024-05-30 23:00:00+03:00,0.1459,0,0.14627,7231.322817569351,0.0,,,0,1055.0499990833684
603,603,2024-05-31 01:00:00+03:00,0.146,0,0.1459,7231.322817569351,0.0,,,0,1055.7731313651252
604,604,2024-05-31 03:00:00+03:00,0.14691,0,0.146,7231.322817569351,0.0,,,0,1062.3536351291134
605,605,2024-05-31 05:00:00+03:00,0.14594,1,0.14692,7231.322817569351,0.0,,,1,1055.339251996071
606,606,2024-05-31 07:00:00+03:00,0.14536,0,0.14589,7231.322817569351,0.0,,,0,1051.1450847618808
607,607,2024-05-31 09:00:00+03:00,0.14671,0,0.14536,7231.322817569351,0.0,,,0,1060.9073705655996
608,608,2024-05-31 11:00:00+03:00,0.14441,0,0.14672,7231.322817569351,0.0,,,0,1044.27532808519
609,609,2024-05-31 13:00:00+03:00,0.14462,1,0.14442,7231.322817569351,0.0,,,1,1045.7939058768795
610,610,2024-05-31 15:00:00+03:00,0.14253,0,0.14464,7231.322817569351,0.0,,,0,1030.6804411881596
611,611,2024-05-31 17:00:00+03:00,0.14154,0,0.14253,7231.322817569351,0.0,,,0,1023.521431598766
612,612,2024-05-31 19:00:00+03:00,0.14234,1,0.14153,0.0,1041.8957724189875,,2.0,1,1041.8957724189875
613,613,2024-05-31 21:00:00+03:00,0.14301,1,0.14234,7279.975584619665,0.0,-2.0,,1,1041.1093083564583
614,614,2024-05-31 23:00:00+03:00,0.14224,0,0.14304,7279.975584619665,0.0,,,0,1035.5037271563012
615,615,2024-06-01 01:00:00+03:00,0.14198,0,0.14226,7279.975584619665,0.0,,,0,1033.6109335043
616,616,2024-06-01 03:00:00+03:00,0.14319,0,0.14199,7279.975584619665,0.0,,,0,1042.41970396169
617,617,2024-06-01 05:00:00+03:00,0.1445,1,0.14321,7279.975584619665,0.0,,,1,1051.9564719775415
618,618,2024-06-01 07:00:00+03:00,0.14404,0,0.14447,7279.975584619665,0.0,,,0,1048.6076832086164
619,619,2024-06-01 09:00:00+03:00,0.14479,0,0.14405,7279.975584619665,0.0,,,0,1054.0676648970814
620,620,2024-06-01 11:00:00+03:00,0.14502,0,0.1448,7279.975584619665,0.0,,,0,1055.7420592815438
621,621,2024-06-01 13:00:00+03:00,0.1509,0,0.14503,7279.975584619665,0.0,,,0,1098.5483157191074
622,622,2024-06-01 15:00:00+03:00,0.15139,1,0.15091,7279.975584619665,0.0,,,1,1102.1155037555711
623,623,2024-06-01 17:00:00+03:00,0.15223,0,0.15138,0.0,1089.0631035152574,,2.0,0,1089.0631035152574
624,624,2024-06-01 19:00:00+03:00,0.15116,1,0.15223,7131.8961132343875,0.0,-2.0,,1,1078.0574164765098
625,625,2024-06-01 21:00:00+03:00,0.15122,0,0.15116,7131.8961132343875,0.0,,,0,1078.4853302433041
626,626,2024-06-01 23:00:00+03:00,0.15293,1,0.15123,7131.8961132343875,0.0,,,1,1090.680872596935
627,627,2024-06-02 01:00:00+03:00,0.15109,0,0.15293,7131.8961132343875,0.0,,,0,1077.5581837485836
628,628,2024-06-02 03:00:00+03:00,0.15093,1,0.15108,7131.8961132343875,0.0,,,1,1076.4170803704662
629,629,2024-06-02 05:00:00+03:00,0.14823,0,0.15093,7131.8961132343875,0.0,,,0,1057.1609608647332
630,630,2024-06-02 07:00:00+03:00,0.14683,0,0.14822,7131.8961132343875,0.0,,,0,1047.176306306205
631,631,2024-06-02 09:00:00+03:00,0.14471,0,0.14683,0.0,1062.4745731584499,,2.0,0,1062.4745731584499
632,632,2024-06-02 11:00:00+03:00,0.14425,1,0.1447,7314.109934162485,0.0,-2.0,,1,1055.0603580029383
633,633,2024-06-02 13:00:00+03:00,0.14488,1,0.14426,7314.109934162485,0.0,,,1,1059.668247261461
634,634,2024-06-02 15:00:00+03:00,0.14454,0,0.14487,7314.109934162485,0.0,,,0,1057.1814498838455
635,635,2024-06-02 17:00:00+03:00,0.1444,1,0.14453,7314.109934162485,0.0,,,1,1056.1574744930629
636,636,2024-06-02 19:00:00+03:00,0.14151,0,0.1444,7314.109934162485,0.0,,,0,1035.0196967833333
637,637,2024-06-02 21:00:00+03:00,0.14191,1,0.14151,7314.109934162485,0.0,,,1,1037.9453407569983
638,638,2024-06-02 23:00:00+03:00,0.14125,1,0.1419,0.0,1036.5350688276521,,2.0,1,1036.5350688276521
639,639,2024-06-03 01:00:00+03:00,0.14173,0,0.14125,0.0,1036.5350688276521,,,0,1036.5350688276521
640,640,2024-06-03 03:00:00+03:00,0.14642,1,0.14174,7232.265139322155,0.0,-2.0,,1,1058.94826169955
641,641,2024-06-03 05:00:00+03:00,0.14845,0,0.14641,7232.265139322155,0.0,,,0,1073.6297599323739
642,642,2024-06-03 07:00:00+03:00,0.14578,0,0.14844,7232.265139322155,0.0,,,0,1054.3196120103837
643,643,2024-06-03 09:00:00+03:00,0.14604,1,0.14578,7232.265139322155,0.0,,,1,1056.2000009466076
644,644,2024-06-03 11:00:00+03:00,0.14358,0,0.14605,7232.265139322155,0.0,,,0,1038.4086287038751
645,645,2024-06-03 13:00:00+03:00,0.14284,0,0.14359,7232.265139322155,0.0,,,0,1033.0567525007766
646,646,2024-06-03 15:00:00+03:00,0.14362,1,0.14285,7232.265139322155,0.0,,,1,1038.6979193094478
647,647,2024-06-03 17:00:00+03:00,0.14503,0,0.14365,7232.265139322155,0.0,,,0,1048.8954131558921
648,648,2024-06-03 19:00:00+03:00,0.14434,0,0.14502,7232.265139322155,0.0,,,0,1043.9051502097598
649,649,2024-06-03 21:00:00+03:00,0.14449,1,0.14435,7232.265139322155,0.0,,,1,1044.9899899806583
650,650,2024-06-03 23:00:00+03:00,0.14408,0,0.14448,7232.265139322155,0.0,,,0,1042.0247612735361
651,651,2024-06-04 01:00:00+03:00,0.14499,0,0.14407,7232.265139322155,0.0,,,0,1048.6061225503192
652,652,2024-06-04 03:00:00+03:00,0.14384,1,0.145,7232.265139322155,0.0,,,1,1040.2890176400988
653,653,2024-06-04 05:00:00+03:00,0.14329,0,0.14384,7232.265139322155,0.0,,,0,1036.3112718134716
654,654,2024-06-04 07:00:00+03:00,0.14333,1,0.14328,7232.265139322155,0.0,,,1,1036.6005624190445
655,655,2024-06-04 09:00:00+03:00,0.14401,0,0.14336,7232.265139322155,0.0,,,0,1041.5185027137836
656,656,2024-06-04 11:00:00+03:00,0.14338,0,0.14401,7232.265139322155,0.0,,,0,1036.9621756760107
657,657,2024-06-04 13:00:00+03:00,0.14744,1,0.14338,7232.265139322155,0.0,,,1,1066.3251721416584
658,658,2024-06-04 15:00:00+03:00,0.14515,0,0.14744,7232.265139322155,0.0,,,0,1049.7632849726108
659,659,2024-06-04 17:00:00+03:00,0.14693,0,0.14518,7232.265139322155,0.0,,,0,1062.6367169206042
660,660,2024-06-04 19:00:00+03:00,0.14566,0,0.14693,7232.265139322155,0.0,,,0,1053.4517401936653
661,661,2024-06-04 21:00:00+03:00,0.14561,0,0.14567,7232.265139322155,0.0,,,0,1053.0901269366989
662,662,2024-06-04 23:00:00+03:00,0.14498,0,0.14559,7232.265139322155,0.0,,,0,1048.533799898926
663,663,2024-06-05 01:00:00+03:00,0.14485,1,0.14497,7232.265139322155,0.0,,,1,1047.5936054308143
664,664,2024-06-05 03:00:00+03:00,0.14572,1,0.14485,7232.265139322155,0.0,,,1,1053.8856761020243
665,665,2024-06-05 05:00:00+03:00,0.14465,0,0.14573,7232.265139322155,0.0,,,0,1046.1471524029498
666,666,2024-06-05 07:00:00+03:00,0.14513,1,0.14462,7232.265139322155,0.0,,,1,1049.6186396698245
667,667,2024-06-05 09:00:00+03:00,0.14511,1,0.14512,7232.265139322155,0.0,,,1,1049.473994367038
668,668,2024-06-05 11:00:00+03:00,0.1443,0,0.14511,7232.265139322155,0.0,,,0,1043.615859604187
669,669,2024-06-05 13:00:00+03:00,0.14427,1,0.14429,7232.265139322155,0.0,,,1,1043.3988916500073
670,670,2024-06-05 15:00:00+03:00,0.1432,0,0.14427,7232.265139322155,0.0,,,0,1035.6603679509326
671,671,2024-06-05 17:00:00+03:00,0.14379,1,0.14317,7232.265139322155,0.0,,,1,1039.9274043831326
672,672,2024-06-05 19:00:00+03:00,0.14486,1,0.14378,7232.265139322155,0.0,,,1,1047.6659280822073
673,673,2024-06-05 21:00:00+03:00,0.14584,0,0.14487,7232.265139322155,0.0,,,0,1054.7535479187432
674,674,2024-06-05 23:00:00+03:00,0.1462,0,0.14584,7232.265139322155,0.0,,,0,1057.3571633688991
675,675,2024-06-06 01:00:00+03:00,0.14673,1,0.1462,7232.265139322155,0.0,,,1,1061.1902638927397
676,676,2024-06-06 03:00:00+03:00,0.1456,0,0.14673,7232.265139322155,0.0,,,0,1053.0178042853058
677,677,2024-06-06 05:00:00+03:00,0.14523,0,0.14561,7232.265139322155,0.0,,,0,1050.3418661837566
678,678,2024-06-06 07:00:00+03:00,0.14444,0,0.14523,7232.265139322155,0.0,,,0,1044.628376723692
679,679,2024-06-06 09:00:00+03:00,0.14326,1,0.14443,7232.265139322155,0.0,,,1,1036.0943038592918
680,680,2024-06-06 11:00:00+03:00,0.14415,1,0.14325,7232.265139322155,0.0,,,1,1042.5310198332886
681,681,2024-06-06 13:00:00+03:00,0.14381,1,0.14415,7232.265139322155,0.0,,,1,1040.072049685919
682,682,2024-06-06 15:00:00+03:00,0.1439,0,0.14382,7232.265139322155,0.0,,,0,1040.722953548458
683,683,2024-06-06 17:00:00+03:00,0.14407,1,0.14392,7232.265139322155,0.0,,,1,1041.9524386221428
684,684,2024-06-06 19:00:00+03:00,0.14431,0,0.14407,7232.265139322155,0.0,,,0,1043.6881822555802
685,685,2024-06-06 21:00:00+03:00,0.14142,0,0.14434,7232.265139322155,0.0,,,0,1022.7869360029391
686,686,2024-06-06 23:00:00+03:00,0.13765,1,0.14141,7232.265139322155,0.0,,,1,995.5212964276946
687,687,2024-06-07 01:00:00+03:00,0.13731,1,0.13764,7232.265139322155,0.0,,,1,993.062326280325
688,688,2024-06-07 03:00:00+03:00,0.13952,0,0.1373,0.0,1011.2287477975692,,2.0,0,1011.2287477975692
689,689,2024-06-07 05:00:00+03:00,0.13886,0,0.13952,0.0,1011.2287477975692,,,0,1011.2287477975692
690,690,2024-06-07 07:00:00+03:00,0.13945,1,0.13885,7243.85276270044,0.0,-2.0,,1,1010.1552677585762
691,691,2024-06-07 09:00:00+03:00,0.13899,0,0.13945,7243.85276270044,0.0,,,0,1006.8230954877341
692,692,2024-06-07 11:00:00+03:00,0.13874,0,0.13899,7243.85276270044,0.0,,,0,1005.012132297059
693,693,2024-06-07 13:00:00+03:00,0.13883,1,0.13874,7243.85276270044,0.0,,,1,1005.6640790457021
694,694,2024-06-07 15:00:00+03:00,0.13833,0,0.13883,7243.85276270044,0.0,,,0,1002.0421526643519
695,695,2024-06-07 17:00:00+03:00,0.1374,0,0.13833,7243.85276270044,0.0,,,0,995.3053695950404
696,696,2024-06-07 19:00:00+03:00,0.13345,0,0.1374,7243.85276270044,0.0,,,0,966.6921511823738
697,697,2024-06-07 21:00:00+03:00,0.12423,0,0.13342,7243.85276270044,0.0,,,0,899.9038287102755
698,698,2024-06-07 23:00:00+03:00,0.1252,1,0.12423,0.0,986.5401540638304,,2.0,1,986.5401540638304
699,699,2024-06-08 01:00:00+03:00,0.12443,1,0.1252,7853.915546043402,0.0,-2.0,,1,977.2627113941805
700,700,2024-06-08 03:00:00+03:00,0.12453,0,0.12443,7853.915546043402,0.0,,,0,978.0481029487848
701,701,2024-06-08 05:00:00+03:00,0.1237,0,0.12453,7853.915546043402,0.0,,,0,971.5293530455689
702,702,2024-06-08 07:00:00+03:00,0.12239,0,0.1237,7853.915546043402,0.0,,,0,961.240723680252
703,703,2024-06-08 09:00:00+03:00,0.12323,1,0.12239,7853.915546043402,0.0,,,1,967.8380127389285
704,704,2024-06-08 11:00:00+03:00,0.12274,0,0.12323,0.0,962.4542089031323,,2.0,0,962.4542089031323
705,705,2024-06-08 13:00:00+03:00,0.11856,0,0.12274,0.0,962.4542089031323,,,0,962.4542089031323
706,706,2024-06-08 15:00:00+03:00,0.11921,1,0.11856,8072.484328612926,0.0,-2.0,,1,962.3208568139469
707,707,2024-06-08 17:00:00+03:00,0.11832,0,0.11921,8072.484328612926,0.0,,,0,955.1363457614814
708,708,2024-06-08 19:00:00+03:00,0.1176,0,0.11832,8072.484328612926,0.0,,,0,949.32415704488
709,709,2024-06-08 21:00:00+03:00,0.11763,0,0.1176,8072.484328612926,0.0,,,0,949.5663315747385
710,710,2024-06-08 23:00:00+03:00,0.11649,0,0.11763,8072.484328612926,0.0,,,0,940.3636994401197
711,711,2024-06-09 01:00:00+03:00,0.11723,1,0.11649,8072.484328612926,0.0,,,1,946.3373378432933
712,712,2024-06-09 03:00:00+03:00,0.11987,1,0.11723,8072.484328612926,0.0,,,1,967.6486964708315
713,713,2024-06-09 05:00:00+03:00,0.118,0,0.11988,8072.484328612926,0.0,,,0,952.5531507763252
714,714,2024-06-09 07:00:00+03:00,0.11932,1,0.11801,8072.484328612926,0.0,,,1,963.2088300900944
715,715,2024-06-09 09:00:00+03:00,0.12011,0,0.11932,8072.484328612926,0.0,,,0,969.5860927096985
716,716,2024-06-09 11:00:00+03:00,0.12017,1,0.12011,8072.484328612926,0.0,,,1,970.0704417694153
717,717,2024-06-09 13:00:00+03:00,0.12049,0,0.12017,8072.484328612926,0.0,,,0,972.6536367545715
718,718,2024-06-09 15:00:00+03:00,0.12096,1,0.12049,8072.484328612926,0.0,,,1,976.4477043890196
719,719,2024-06-09 17:00:00+03:00,0.12343,0,0.12096,8072.484328612926,0.0,,,0,996.3867406806935
720,720,2024-06-09 19:00:00+03:00,0.12646,1,0.12341,8072.484328612926,0.0,,,1,1020.8463681963906
721,721,2024-06-09 21:00:00+03:00,0.12855,0,0.12646,8072.484328612926,0.0,,,0,1037.7178604431917
722,722,2024-06-09 23:00:00+03:00,0.12984,0,0.12854,0.0,1006.0248232112217,,2.0,0,1006.0248232112217
723,723,2024-06-10 01:00:00+03:00,0.12977,0,0.12985,0.0,1006.0248232112217,,,0,1006.0248232112217
724,724,2024-06-10 03:00:00+03:00,0.12799,1,0.12978,7738.233928596152,0.0,-2.0,,1,990.4165605210214
725,725,2024-06-10 05:00:00+03:00,0.12603,0,0.12799,7738.233928596152,0.0,,,0,975.249622020973
726,726,2024-06-10 07:00:00+03:00,0.12514,0,0.12603,7738.233928596152,0.0,,,0,968.3625938245224
727,727,2024-06-10 09:00:00+03:00,0.12162,0,0.12514,0.0,981.4632572766358,,2.0,0,981.4632572766358
728,728,2024-06-10 11:00:00+03:00,0.12487,1,0.12162,7990.894517206927,0.0,-2.0,,1,997.8229983636289
729,729,2024-06-10 13:00:00+03:00,0.12756,0,0.12487,7990.894517206927,0.0,,,0,1019.3185046149157
730,730,2024-06-10 15:00:00+03:00,0.12694,0,0.12755,7990.894517206927,0.0,,,0,1014.3641500142473
731,731,2024-06-10 17:00:00+03:00,0.128,1,0.12694,7990.894517206927,0.0,,,1,1022.8344982024867
732,732,2024-06-10 19:00:00+03:00,0.12811,0,0.128,7990.894517206927,0.0,,,0,1023.7134965993795
733,733,2024-06-10 21:00:00+03:00,0.12678,0,0.12811,7990.894517206927,0.0,,,0,1013.0856068914942
734,734,2024-06-10 23:00:00+03:00,0.1266,0,0.12678,7990.894517206927,0.0,,,0,1011.6472458783969
735,735,2024-06-11 01:00:00+03:00,0.12549,0,0.12659,7990.894517206927,0.0,,,0,1002.7773529642972
736,736,2024-06-11 03:00:00+03:00,0.12434,0,0.1255,7990.894517206927,0.0,,,0,993.5878242695094
737,737,2024-06-11 05:00:00+03:00,0.12764,1,0.12432,7990.894517206927,0.0,,,1,1019.9577761762922
738,738,2024-06-11 07:00:00+03:00,0.12377,0,0.12764,7990.894517206927,0.0,,,0,989.0330143947014
739,739,2024-06-11 09:00:00+03:00,0.12352,0,0.12374,7990.894517206927,0.0,,,0,987.0352907653996
740,740,2024-06-11 11:00:00+03:00,0.1214,1,0.12351,7990.894517206927,0.0,,,1,970.0945943889209
741,741,2024-06-11 13:00:00+03:00,0.12278,1,0.1214,7990.894517206927,0.0,,,1,981.1220288226665
742,742,2024-06-11 15:00:00+03:00,0.11875,0,0.12277,7990.894517206927,0.0,,,0,948.9187239183226
743,743,2024-06-11 17:00:00+03:00,0.11702,0,0.11874,7990.894517206927,0.0,,,0,935.0944764035546
744,744,2024-06-11 19:00:00+03:00,0.11728,1,0.11702,0.0,957.5012391665132,,2.0,1,957.5012391665132
745,745,2024-06-11 21:00:00+03:00,0.11812,1,0.11728,8115.868159443021,0.0,-2.0,,1,958.6463469934097
746,746,2024-06-11 23:00:00+03:00,0.11816,0,0.11812,8115.868159443021,0.0,,,0,958.9709817197873
747,747,2024-06-12 01:00:00+03:00,0.1173,0,0.11817,8115.868159443021,0.0,,,0,951.9913351026663
748,748,2024-06-12 03:00:00+03:00,0.11522,0,0.11729,8115.868159443021,0.0,,,0,935.1103293310249
749,749,2024-06-12 05:00:00+03:00,0.11825,1,0.11523,8115.868159443021,0.0,,,1,959.7014098541372
750,750,2024-06-12 07:00:00+03:00,0.11681,0,0.11823,8115.868159443021,0.0,,,0,948.0145597045392
751,751,2024-06-12 09:00:00+03:00,0.11668,0,0.1168,8115.868159443021,0.0,,,0,946.9594968438117
752,752,2024-06-12 11:00:00+03:00,0.11829,1,0.11669,8115.868159443021,0.0,,,1,960.026044580515
753,753,2024-06-12 13:00:00+03:00,0.11704,0,0.11829,8115.868159443021,0.0,,,0,949.8812093812112
754,754,2024-06-12 15:00:00+03:00,0.12138,1,0.11704,8115.868159443021,0.0,,,1,985.1040771931939
755,755,2024-06-12 17:00:00+03:00,0.12174,0,0.12136,8115.868159443021,0.0,,,0,988.0257897305934
756,756,2024-06-12 19:00:00+03:00,0.12201,0,0.12176,8115.868159443021,0.0,,,0,990.2170741336429
757,757,2024-06-12 21:00:00+03:00,0.11774,0,0.12205,8115.868159443021,0.0,,,0,955.5623170928212
758,758,2024-06-12 23:00:00+03:00,0.1198,1,0.11771,8115.868159443021,0.0,,,1,972.281005501274
759,759,2024-06-13 01:00:00+03:00,0.12025,1,0.11979,8115.868159443021,0.0,,,1,975.9331461730233
760,760,2024-06-13 03:00:00+03:00,0.11962,0,0.12024,8115.868159443021,0.0,,,0,970.8201492325742
761,761,2024-06-13 05:00:00+03:00,0.11785,0,0.11961,8115.868159443021,0.0,,,0,956.45506259036
762,762,2024-06-13 07:00:00+03:00,0.11782,1,0.11785,8115.868159443021,0.0,,,1,956.2115865455767
763,763,2024-06-13 09:00:00+03:00,0.1164,0,0.11783,8115.868159443021,0.0,,,0,944.6870537591676
764,764,2024-06-13 11:00:00+03:00,0.11702,0,0.11639,8115.868159443021,0.0,,,0,949.7188920180223
765,765,2024-06-13 13:00:00+03:00,0.11668,0,0.117,8115.868159443021,0.0,,,0,946.9594968438117
766,766,2024-06-13 15:00:00+03:00,0.1154,1,0.11667,8115.868159443021,0.0,,,1,936.5711855997247
767,767,2024-06-13 17:00:00+03:00,0.11159,0,0.1154,8115.868159443021,0.0,,,0,905.6497279122467
768,768,2024-06-13 19:00:00+03:00,0.1138,1,0.11158,8115.868159443021,0.0,,,1,923.5857965446157
769,769,2024-06-13 21:00:00+03:00,0.11313,0,0.1138,0.0,934.1241339184586,,2.0,0,934.1241339184586
770,770,2024-06-13 23:00:00+03:00,0.11307,0,0.11313,0.0,934.1241339184586,,,0,934.1241339184586
771,771,2024-06-14 01:00:00+03:00,0.11243,0,0.11307,0.0,934.1241339184586,,,0,934.1241339184586
772,772,2024-06-14 03:00:00+03:00,0.11334,1,0.11244,8257.153039565135,0.0,-2.0,,1,935.8657255043124
773,773,2024-06-14 05:00:00+03:00,0.11238,0,0.11332,8257.153039565135,0.0,,,0,927.9388585863298
774,774,2024-06-14 07:00:00+03:00,0.11682,1,0.11239,8257.153039565135,0.0,,,1,964.6006180819991
775,775,2024-06-14 09:00:00+03:00,0.11819,0,0.11681,8257.153039565135,0.0,,,0,975.9129177462033
776,776,2024-06-14 11:00:00+03:00,0.11823,0,0.11819,8257.153039565135,0.0,,,0,976.243203867786
777,777,2024-06-14 13:00:00+03:00,0.11756,0,0.11825,8257.153039565135,0.0,,,0,970.7109113312773
778,778,2024-06-14 15:00:00+03:00,0.11613,0,0.11757,8257.153039565135,0.0,,,0,958.9031824846992
779,779,2024-06-14 17:00:00+03:00,0.11236,0,0.11613,8257.153039565135,0.0,,,0,927.7737155255386
780,780,2024-06-14 19:00:00+03:00,0.10684,0,0.11236,8257.153039565135,0.0,,,0,882.194230747139
781,781,2024-06-14 21:00:00+03:00,0.10622,1,0.10683,8257.153039565135,0.0,,,1,877.0747958626087
782,782,2024-06-14 23:00:00+03:00,0.10932,1,0.10621,0.0,911.317663809509,,2.0,1,911.317663809509
783,783,2024-06-15 01:00:00+03:00,0.10826,0,0.10932,0.0,911.317663809509,,,0,911.317663809509
784,784,2024-06-15 03:00:00+03:00,0.1045,0,0.10825,0.0,911.317663809509,,,0,911.317663809509
785,785,2024-06-15 05:00:00+03:00,0.10529,1,0.1045,8668.393570700437,0.0,-2.0,,1,912.6951590590489
786,786,2024-06-15 07:00:00+03:00,0.10536,1,0.10528,8668.393570700437,0.0,,,1,913.3019466089979
787,787,2024-06-15 09:00:00+03:00,0.1054,0,0.10535,8668.393570700437,0.0,,,0,913.648682351826
788,788,2024-06-15 11:00:00+03:00,0.10578,0,0.10543,8668.393570700437,0.0,,,0,916.9426719086922
789,789,2024-06-15 13:00:00+03:00,0.10593,0,0.10577,8668.393570700437,0.0,,,0,918.2429309442972
790,790,2024-06-15 15:00:00+03:00,0.10615,1,0.10595,8668.393570700437,0.0,,,1,920.1499775298513
791,791,2024-06-15 17:00:00+03:00,0.10536,0,0.10615,8668.393570700437,0.0,,,0,913.3019466089979
792,792,2024-06-15 19:00:00+03:00,0.10437,0,0.10536,8668.393570700437,0.0,,,0,904.7202369740046
793,793,2024-06-15 21:00:00+03:00,0.10342,0,0.1044,8668.393570700437,0.0,,,0,896.4852630818391
794,794,2024-06-15 23:00:00+03:00,0.10324,1,0.10341,8668.393570700437,0.0,,,1,894.924952239113
795,795,2024-06-16 01:00:00+03:00,0.10404,0,0.10323,8668.393570700437,0.0,,,0,901.8596670956733
796,796,2024-06-16 03:00:00+03:00,0.10251,0,0.10404,8668.393570700437,0.0,,,0,888.5970249325018
797,797,2024-06-16 05:00:00+03:00,0.10098,0,0.10252,8668.393570700437,0.0,,,0,875.3343827693301
798,798,2024-06-16 07:00:00+03:00,0.10104,1,0.10098,0.0,889.067899635919,,2.0,1,889.067899635919
799,799,2024-06-16 09:00:00+03:00,0.10126,0,0.10104,0.0,889.067899635919,,,0,889.067899635919
800,800,2024-06-16 11:00:00+03:00,0.10018,0,0.10125,0.0,889.067899635919,,,0,889.067899635919
801,801,2024-06-16 13:00:00+03:00,0.10071,0,0.10018,0.0,889.067899635919,,,0,889.067899635919
802,802,2024-06-16 15:00:00+03:00,0.10166,1,0.10071,8771.72541216608,0.0,-2.0,,1,891.7336054008038
803,803,2024-06-16 17:00:00+03:00,0.10125,0,0.10166,8771.72541216608,0.0,,,0,888.1371979818157
804,804,2024-06-16 19:00:00+03:00,0.10073,0,0.10124,8771.72541216608,0.0,,,0,883.5759007674893
805,805,2024-06-16 21:00:00+03:00,0.10086,0,0.10073,8771.72541216608,0.0,,,0,884.716225071071
806,806,2024-06-16 23:00:00+03:00,0.10038,0,0.10087,8771.72541216608,0.0,,,0,880.5057968732311
807,807,2024-06-17 01:00:00+03:00,0.10089,1,0.10038,8771.72541216608,0.0,,,1,884.9793768334358
808,808,2024-06-17 03:00:00+03:00,0.09866,0,0.10088,8771.72541216608,0.0,,,0,865.4184291643055
809,809,2024-06-17 05:00:00+03:00,0.09674,0,0.09866,8771.72541216608,0.0,,,0,848.5767163729467
810,810,2024-06-17 07:00:00+03:00,0.09652,0,0.09674,0.0,867.3612522058063,,2.0,0,867.3612522058063
811,811,2024-06-17 09:00:00+03:00,0.0951,0,0.09653,0.0,867.3612522058063,,,0,867.3612522058063
812,812,2024-06-17 11:00:00+03:00,0.09268,0,0.0951,0.0,867.3612522058063,,,0,867.3612522058063
813,813,2024-06-17 13:00:00+03:00,0.09316,1,0.09268,9306.91263441925,0.0,-2.0,,1,867.0319810224973
814,814,2024-06-17 15:00:00+03:00,0.09241,0,0.09316,9306.91263441925,0.0,,,0,860.0517965466829
815,815,2024-06-17 17:00:00+03:00,0.0916,0,0.09239,9306.91263441925,0.0,,,0,852.5131973128033
816,816,2024-06-17 19:00:00+03:00,0.0921,1,0.09158,9306.91263441925,0.0,,,1,857.1666536300129
817,817,2024-06-17 21:00:00+03:00,0.09331,0,0.0921,9306.91263441925,0.0,,,0,868.4280179176602
818,818,2024-06-17 23:00:00+03:00,0.0917,0,0.09329,9306.91263441925,0.0,,,0,853.4438885762453
819,819,2024-06-18 01:00:00+03:00,0.08995,0,0.09169,9306.91263441925,0.0,,,0,837.1567914660116
820,820,2024-06-18 03:00:00+03:00,0.08028,0,0.08996,9306.91263441925,0.0,,,0,747.1589462911775
821,821,2024-06-18 05:00:00+03:00,0.08172,1,0.08028,0.0,846.1844640394627,,2.0,1,846.1844640394627
822,822,2024-06-18 07:00:00+03:00,0.08149,1,0.08171,10314.900129200465,0.0,-2.0,,1,840.561211528546
823,823,2024-06-18 09:00:00+03:00,0.0817,1,0.08149,10314.900129200465,0.0,,,1,842.727340555678
824,824,2024-06-18 11:00:00+03:00,0.08193,0,0.0817,10314.900129200465,0.0,,,0,845.0997675853941
825,825,2024-06-18 13:00:00+03:00,0.08119,0,0.08192,10314.900129200465,0.0,,,0,837.4667414897857
826,826,2024-06-18 15:00:00+03:00,0.0775,0,0.0812,10314.900129200465,0.0,,,0,799.404760013036
827,827,2024-06-18 17:00:00+03:00,0.07993,1,0.0775,10314.900129200465,0.0,,,1,824.4699673269931
828,828,2024-06-18 19:00:00+03:00,0.07878,0,0.07992,0.0,825.5246012722594,,2.0,0,825.5246012722594
829,829,2024-06-18 21:00:00+03:00,0.07999,1,0.07879,10398.706068158093,0.0,-2.0,,1,831.792498391966
830,830,2024-06-18 23:00:00+03:00,0.08028,1,0.07999,10398.706068158093,0.0,,,1,834.8081231517318
831,831,2024-06-19 01:00:00+03:00,0.08021,0,0.08028,10398.706068158093,0.0,,,0,834.0802137269607
832,832,2024-06-19 03:00:00+03:00,0.08104,0,0.08021,10398.706068158093,0.0,,,0,842.711139763532
833,833,2024-06-19 05:00:00+03:00,0.08183,1,0.08103,10398.706068158093,0.0,,,1,850.9261175573768
834,834,2024-06-19 07:00:00+03:00,0.08148,0,0.08184,10398.706068158093,0.0,,,0,847.2865704335214
835,835,2024-06-19 09:00:00+03:00,0.08158,0,0.08147,10398.706068158093,0.0,,,0,848.3264410403373
836,836,2024-06-19 11:00:00+03:00,0.08072,0,0.08158,10398.706068158093,0.0,,,0,839.3835538217213
837,837,2024-06-19 13:00:00+03:00,0.08023,0,0.08071,10398.706068158093,0.0,,,0,834.2881878483238
838,838,2024-06-19 15:00:00+03:00,0.08064,1,0.08024,10398.706068158093,0.0,,,1,838.5516573362687
839,839,2024-06-19 17:00:00+03:00,0.07949,0,0.08064,10398.706068158093,0.0,,,0,826.5931453578869
840,840,2024-06-19 19:00:00+03:00,0.08082,1,0.07949,10398.706068158093,0.0,,,1,840.4234244285371
841,841,2024-06-19 21:00:00+03:00,0.08022,0,0.08081,10398.706068158093,0.0,,,0,834.1842007876422
842,842,2024-06-19 23:00:00+03:00,0.08019,1,0.08022,10398.706068158093,0.0,,,1,833.8722396055974
843,843,2024-06-20 01:00:00+03:00,0.08002,0,0.08019,10398.706068158093,0.0,,,0,832.1044595740105
844,844,2024-06-20 03:00:00+03:00,0.08082,1,0.08003,10398.706068158093,0.0,,,1,840.4234244285371
845,845,2024-06-20 05:00:00+03:00,0.08027,0,0.08082,10398.706068158093,0.0,,,0,834.7041360910501
846,846,2024-06-20 07:00:00+03:00,0.08158,1,0.08026,10398.706068158093,0.0,,,1,848.3264410403373
847,847,2024-06-20 09:00:00+03:00,0.08305,1,0.08159,10398.706068158093,0.0,,,1,863.6125389605296
848,848,2024-06-20 11:00:00+03:00,0.08139,0,0.08305,10398.706068158093,0.0,,,0,846.3506868873873
849,849,2024-06-20 13:00:00+03:00,0.08176,0,0.08139,0.0,862.895727594861,,2.0,0,862.895727594861
850,850,2024-06-20 15:00:00+03:00,0.08043,0,0.08177,0.0,862.895727594861,,,0,862.895727594861
851,851,2024-06-20 17:00:00+03:00,0.07928,0,0.08041,0.0,862.895727594861,,,0,862.895727594861
852,852,2024-06-20 19:00:00+03:00,0.07972,1,0.07928,10823.161687590517,0.0,-2.0,,1,862.822449734716
853,853,2024-06-20 21:00:00+03:00,0.08059,1,0.07972,10823.161687590517,0.0,,,1,872.2386004029197
854,854,2024-06-20 23:00:00+03:00,0.07983,0,0.08057,10823.161687590517,0.0,,,0,864.012997520351
855,855,2024-06-21 01:00:00+03:00,0.07942,0,0.07984,10823.161687590517,0.0,,,0,859.5755012284388
856,856,2024-06-21 03:00:00+03:00,0.08008,1,0.07941,10823.161687590517,0.0,,,1,866.7187879422486
857,857,2024-06-21 05:00:00+03:00,0.07981,0,0.08008,10823.161687590517,0.0,,,0,863.7965342865992
858,858,2024-06-21 07:00:00+03:00,0.08009,1,0.07982,10823.161687590517,0.0,,,1,866.8270195591244
859,859,2024-06-21 09:00:00+03:00,0.07925,0,0.08008,10823.161687590517,0.0,,,0,857.7355637415484
860,860,2024-06-21 11:00:00+03:00,0.07936,1,0.07926,10823.161687590517,0.0,,,1,858.9261115271834
861,861,2024-06-21 13:00:00+03:00,0.07882,0,0.07936,10823.161687590517,0.0,,,0,853.0816042158846
862,862,2024-06-21 15:00:00+03:00,0.07752,0,0.07882,10823.161687590517,0.0,,,0,839.0114940220169
863,863,2024-06-21 17:00:00+03:00,0.07832,1,0.07751,10823.161687590517,0.0,,,1,847.6700233720893
864,864,2024-06-21 19:00:00+03:00,0.07652,0,0.07833,0.0,841.8279428842706,,2.0,0,841.8279428842706
865,865,2024-06-21 21:00:00+03:00,0.07773,1,0.07652,10917.377310925867,0.0,-2.0,,1,848.6077383782676
866,866,2024-06-21 23:00:00+03:00,0.07785,0,0.0777,10917.377310925867,0.0,,,0,849.9178236555788
867,867,2024-06-22 01:00:00+03:00,0.07757,0,0.07785,10917.377310925867,0.0,,,0,846.8609580085196
868,868,2024-06-22 03:00:00+03:00,0.07703,0,0.07756,10917.377310925867,0.0,,,0,840.9655742606195
869,869,2024-06-22 05:00:00+03:00,0.07816,1,0.07704,10917.377310925867,0.0,,,1,853.3022106219657
870,870,2024-06-22 07:00:00+03:00,0.07797,0,0.07816,10917.377310925867,0.0,,,0,851.2279089328898
871,871,2024-06-22 09:00:00+03:00,0.07692,0,0.07797,10917.377310925867,0.0,,,0,839.7646627564177
872,872,2024-06-22 11:00:00+03:00,0.07707,0,0.07693,10917.377310925867,0.0,,,0,841.4022693530566
873,873,2024-06-22 13:00:00+03:00,0.07696,0,0.07707,10917.377310925867,0.0,,,0,840.2013578488547
874,874,2024-06-22 15:00:00+03:00,0.07724,0,0.07695,10917.377310925867,0.0,,,0,843.258223495914
875,875,2024-06-22 17:00:00+03:00,0.07765,1,0.07724,10917.377310925867,0.0,,,1,847.7343481933935
876,876,2024-06-22 19:00:00+03:00,0.07776,0,0.07766,10917.377310925867,0.0,,,0,848.9352596975954
877,877,2024-06-22 21:00:00+03:00,0.07794,0,0.07775,10917.377310925867,0.0,,,0,850.9003876135621
878,878,2024-06-22 23:00:00+03:00,0.07763,0,0.07795,10917.377310925867,0.0,,,0,847.5160006471751
879,879,2024-06-23 01:00:00+03:00,0.07721,0,0.07764,10917.377310925867,0.0,,,0,842.9307021765862
880,880,2024-06-23 03:00:00+03:00,0.07831,1,0.0772,10917.377310925867,0.0,,,1,854.9398172186047
881,881,2024-06-23 05:00:00+03:00,0.07874,1,0.07831,10917.377310925867,0.0,,,1,859.6342894623028
882,882,2024-06-23 07:00:00+03:00,0.078,0,0.07874,10917.377310925867,0.0,,,0,851.5554302522177
883,883,2024-06-23 09:00:00+03:00,0.07814,0,0.078,10917.377310925867,0.0,,,0,853.0838630757473
884,884,2024-06-23 11:00:00+03:00,0.0784,1,0.07812,10917.377310925867,0.0,,,1,855.9223811765879
885,885,2024-06-23 13:00:00+03:00,0.07775,0,0.0784,10917.377310925867,0.0,,,0,848.8260859244862
886,886,2024-06-23 15:00:00+03:00,0.07746,0,0.07774,10917.377310925867,0.0,,,0,845.6600465043177
887,887,2024-06-23 17:00:00+03:00,0.07702,0,0.07746,10917.377310925867,0.0,,,0,840.8564004875103
888,888,2024-06-23 19:00:00+03:00,0.07609,0,0.07702,10917.377310925867,0.0,,,0,830.7032395883493
889,889,2024-06-23 21:00:00+03:00,0.07611,1,0.07609,10917.377310925867,0.0,,,1,830.9215871345677
890,890,2024-06-23 23:00:00+03:00,0.07665,1,0.07612,10917.377310925867,0.0,,,1,836.8169708824677
891,891,2024-06-24 01:00:00+03:00,0.07528,0,0.07664,10917.377310925867,0.0,,,0,821.8601639664993
892,892,2024-06-24 03:00:00+03:00,0.07478,1,0.07527,10917.377310925867,0.0,,,1,816.4014753110364
893,893,2024-06-24 05:00:00+03:00,0.07427,0,0.07477,10917.377310925867,0.0,,,0,810.8336128824642
894,894,2024-06-24 07:00:00+03:00,0.07231,0,0.07426,0.0,821.2744227984655,,2.0,0,821.2744227984655
895,895,2024-06-24 09:00:00+03:00,0.07284,1,0.07231,11290.028279604956,0.0,-2.0,,1,822.365659886425
896,896,2024-06-24 11:00:00+03:00,0.07348,1,0.07285,11290.028279604956,0.0,,,1,829.5912779853722
897,897,2024-06-24 13:00:00+03:00,0.0732,0,0.07347,11290.028279604956,0.0,,,0,826.4300700670827
898,898,2024-06-24 15:00:00+03:00,0.07482,1,0.07319,11290.028279604956,0.0,,,1,844.7199158800428
899,899,2024-06-24 17:00:00+03:00,0.07377,0,0.07482,11290.028279604956,0.0,,,0,832.8653861864576
900,900,2024-06-24 19:00:00+03:00,0.07442,1,0.07376,11290.028279604956,0.0,,,1,840.2039045682009
901,901,2024-06-24 21:00:00+03:00,0.07396,0,0.07441,11290.028279604956,0.0,,,0,835.0104915595825
902,902,2024-06-24 23:00:00+03:00,0.07615,1,0.07393,11290.028279604956,0.0,,,1,859.7356534919173
903,903,2024-06-25 01:00:00+03:00,0.07675,0,0.07616,11290.028279604956,0.0,,,0,866.5096704596804
904,904,2024-06-25 03:00:00+03:00,0.07705,0,0.07675,0.0,858.4531222906661,,2.0,0,858.4531222906661
905,905,2024-06-25 05:00:00+03:00,0.0779,1,0.07705,11066.952644915282,0.0,-2.0,,1,862.1156110389004
906,906,2024-06-25 07:00:00+03:00,0.07791,0,0.0779,11066.952644915282,0.0,,,0,862.2262805653495
907,907,2024-06-25 09:00:00+03:00,0.07717,1,0.07791,11066.952644915282,0.0,,,1,854.0367356081123
908,908,2024-06-25 11:00:00+03:00,0.07818,1,0.07717,11066.952644915282,0.0,,,1,865.2143577794767
909,909,2024-06-25 13:00:00+03:00,0.07815,0,0.07817,11066.952644915282,0.0,,,0,864.8823492001293
910,910,2024-06-25 15:00:00+03:00,0.0783,0,0.07816,11066.952644915282,0.0,,,0,866.5423920968665
911,911,2024-06-25 17:00:00+03:00,0.08017,1,0.07831,11066.952644915282,0.0,,,1,887.2375935428582
912,912,2024-06-25 19:00:00+03:00,0.0796,0,0.08018,11066.952644915282,0.0,,,0,880.9294305352565
913,913,2024-06-25 21:00:00+03:00,0.08005,1,0.07961,11066.952644915282,0.0,,,1,885.9095592254682
914,914,2024-06-25 23:00:00+03:00,0.0798,0,0.08006,11066.952644915282,0.0,,,0,883.1428210642395
915,915,2024-06-26 01:00:00+03:00,0.07901,0,0.07981,11066.952644915282,0.0,,,0,874.3999284747564
916,916,2024-06-26 03:00:00+03:00,0.07922,1,0.07902,11066.952644915282,0.0,,,1,876.7239885301886
917,917,2024-06-26 05:00:00+03:00,0.07886,0,0.07923,11066.952644915282,0.0,,,0,872.7398855780191
918,918,2024-06-26 07:00:00+03:00,0.07797,0,0.07886,11066.952644915282,0.0,,,0,862.8902977240444
919,919,2024-06-26 09:00:00+03:00,0.07906,1,0.07796,11066.952644915282,0.0,,,1,874.9532761070022
920,920,2024-06-26 11:00:00+03:00,0.07866,0,0.07906,11066.952644915282,0.0,,,0,870.526495049036
921,921,2024-06-26 13:00:00+03:00,0.07812,0,0.07865,11066.952644915282,0.0,,,0,864.5503406207818
922,922,2024-06-26 15:00:00+03:00,0.07882,1,0.07812,11066.952644915282,0.0,,,1,872.2972074722226
923,923,2024-06-26 17:00:00+03:00,0.07753,0,0.07882,11066.952644915282,0.0,,,0,858.0208385602818
924,924,2024-06-26 19:00:00+03:00,0.0768,0,0.07753,11066.952644915282,0.0,,,0,849.9419631294936
925,925,2024-06-26 21:00:00+03:00,0.07749,1,0.07681,11066.952644915282,0.0,,,1,857.5781604544852
926,926,2024-06-26 23:00:00+03:00,0.07791,1,0.07749,11066.952644915282,0.0,,,1,862.2262805653495
927,927,2024-06-27 01:00:00+03:00,0.07699,0,0.07792,11066.952644915282,0.0,,,0,852.0446841320276
928,928,2024-06-27 03:00:00+03:00,0.07641,0,0.07699,11066.952644915282,0.0,,,0,845.6258515979767
929,929,2024-06-27 05:00:00+03:00,0.07635,0,0.07641,11066.952644915282,0.0,,,0,844.9618344392818
930,930,2024-06-27 07:00:00+03:00,0.07522,0,0.07636,11066.952644915282,0.0,,,0,832.4561779505275
931,931,2024-06-27 09:00:00+03:00,0.07572,0,0.07522,11066.952644915282,0.0,,,0,837.989654272985
932,932,2024-06-27 11:00:00+03:00,0.07687,1,0.07572,0.0,837.4937815755509,,2.0,1,837.4937815755509
933,933,2024-06-27 13:00:00+03:00,0.077,0,0.0769,0.0,837.4937815755509,,,0,837.4937815755509
934,934,2024-06-27 15:00:00+03:00,0.07821,0,0.077,0.0,837.4937815755509,,,0,837.4937815755509
935,935,2024-06-27 17:00:00+03:00,0.07789,0,0.07822,0.0,837.4937815755509,,,0,837.4937815755509
936,936,2024-06-27 19:00:00+03:00,0.07779,0,0.0779,0.0,837.4937815755509,,,0,837.4937815755509
937,937,2024-06-27 21:00:00+03:00,0.07767,0,0.07779,0.0,837.4937815755509,,,0,837.4937815755509
938,938,2024-06-27 23:00:00+03:00,0.07785,0,0.07768,0.0,837.4937815755509,,,0,837.4937815755509
939,939,2024-06-28 01:00:00+03:00,0.07762,0,0.07786,0.0,837.4937815755509,,,0,837.4937815755509
940,940,2024-06-28 03:00:00+03:00,0.078,1,0.07761,10731.709653465929,0.0,-2.0,,1,837.0733529703424
941,941,2024-06-28 05:00:00+03:00,0.0776,0,0.078,10731.709653465929,0.0,,,0,832.7806691089561
942,942,2024-06-28 07:00:00+03:00,0.07711,0,0.0776,10731.709653465929,0.0,,,0,827.5221313787578
943,943,2024-06-28 09:00:00+03:00,0.0774,0,0.07711,10731.709653465929,0.0,,,0,830.6343271782629
944,944,2024-06-28 11:00:00+03:00,0.07801,1,0.0774,10731.709653465929,0.0,,,1,837.180670066877
945,945,2024-06-28 13:00:00+03:00,0.07792,1,0.078,10731.709653465929,0.0,,,1,836.2148161980651
946,946,2024-06-28 15:00:00+03:00,0.07761,0,0.07792,10731.709653465929,0.0,,,0,832.8879862054907
947,947,2024-06-28 17:00:00+03:00,0.07754,0,0.07762,10731.709653465929,0.0,,,0,832.1367665297481
948,948,2024-06-28 19:00:00+03:00,0.0761,0,0.07754,10731.709653465929,0.0,,,0,816.6831046287572
949,949,2024-06-28 21:00:00+03:00,0.07677,1,0.07608,10731.709653465929,0.0,,,1,823.8733500965794
950,950,2024-06-28 23:00:00+03:00,0.07561,1,0.07678,0.0,817.0460583672917,,2.0,1,817.0460583672917
951,951,2024-06-29 01:00:00+03:00,0.07517,0,0.07561,0.0,817.0460583672917,,,0,817.0460583672917
952,952,2024-06-29 03:00:00+03:00,0.07608,1,0.07516,10795.409735408777,0.0,-2.0,,1,821.3147726698998
953,953,2024-06-29 05:00:00+03:00,0.07563,0,0.07609,10795.409735408777,0.0,,,0,816.4568382889659
954,954,2024-06-29 07:00:00+03:00,0.07518,0,0.07563,10795.409735408777,0.0,,,0,811.5989039080318
955,955,2024-06-29 09:00:00+03:00,0.07566,0,0.07518,10795.409735408777,0.0,,,0,816.7807005810281
956,956,2024-06-29 11:00:00+03:00,0.07557,0,0.07566,10795.409735408777,0.0,,,0,815.8091137048413
957,957,2024-06-29 13:00:00+03:00,0.07585,0,0.07558,10795.409735408777,0.0,,,0,818.8318284307558
958,958,2024-06-29 15:00:00+03:00,0.07541,0,0.07584,10795.409735408777,0.0,,,0,814.081848147176
959,959,2024-06-29 17:00:00+03:00,0.07545,1,0.07542,10795.409735408777,0.0,,,1,814.5136645365923
960,960,2024-06-29 19:00:00+03:00,0.07468,0,0.07544,10795.409735408777,0.0,,,0,806.2011990403274
961,961,2024-06-29 21:00:00+03:00,0.07434,0,0.07467,10795.409735408777,0.0,,,0,802.5307597302885
962,962,2024-06-29 23:00:00+03:00,0.07393,0,0.07433,10795.409735408777,0.0,,,0,798.1046417387709
963,963,2024-06-30 01:00:00+03:00,0.07339,0,0.07394,10795.409735408777,0.0,,,0,792.2751204816501
964,964,2024-06-30 03:00:00+03:00,0.07282,0,0.0734,10795.409735408777,0.0,,,0,786.1217369324671
965,965,2024-06-30 05:00:00+03:00,0.07263,0,0.07283,0.0,797.0974640825461,,2.0,0,797.0974640825461
966,966,2024-06-30 07:00:00+03:00,0.07224,0,0.07263,0.0,797.0974640825461,,,0,797.0974640825461
967,967,2024-06-30 09:00:00+03:00,0.07413,1,0.07223,10928.391757253472,0.0,-2.0,,1,810.1216809651999
968,968,2024-06-30 11:00:00+03:00,0.07419,0,0.07413,10928.391757253472,0.0,,,0,810.7773844706352
969,969,2024-06-30 13:00:00+03:00,0.07399,0,0.07418,10928.391757253472,0.0,,,0,808.5917061191844
970,970,2024-06-30 15:00:00+03:00,0.07382,1,0.074,10928.391757253472,0.0,,,1,806.7338795204513
971,971,2024-06-30 17:00:00+03:00,0.07419,0,0.07383,10928.391757253472,0.0,,,0,810.7773844706352
972,972,2024-06-30 19:00:00+03:00,0.07433,0,0.0742,10928.391757253472,0.0,,,0,812.3073593166505
973,973,2024-06-30 21:00:00+03:00,0.0748,1,0.07432,10928.391757253472,0.0,,,1,817.4437034425598
974,974,2024-06-30 23:00:00+03:00,0.07417,0,0.0748,10928.391757253472,0.0,,,0,810.55881663549
975,975,2024-07-01 01:00:00+03:00,0.0758,1,0.07417,10928.391757253472,0.0,,,1,828.3720951998132
976,976,2024-07-01 03:00:00+03:00,0.07682,1,0.0758,10928.391757253472,0.0,,,1,839.5190547922117
977,977,2024-07-01 05:00:00+03:00,0.07661,0,0.07683,10928.391757253472,0.0,,,0,837.2240925231885
978,978,2024-07-01 07:00:00+03:00,0.07645,0,0.07661,0.0,833.1815517688835,,2.0,0,833.1815517688835
979,979,2024-07-01 09:00:00+03:00,0.07662,0,0.07644,0.0,833.1815517688835,,,0,833.1815517688835
980,980,2024-07-01 11:00:00+03:00,0.07618,0,0.07662,0.0,833.1815517688835,,,0,833.1815517688835
981,981,2024-07-01 13:00:00+03:00,0.07515,0,0.07618,0.0,833.1815517688835,,,0,833.1815517688835
982,982,2024-07-01 15:00:00+03:00,0.07475,0,0.07515,0.0,833.1815517688835,,,0,833.1815517688835
983,983,2024-07-01 17:00:00+03:00,0.07453,0,0.07476,0.0,833.1815517688835,,,0,833.1815517688835
984,984,2024-07-01 19:00:00+03:00,0.07588,1,0.07454,11087.480413671314,0.0,-2.0,,1,841.3180137893793
985,985,2024-07-01 21:00:00+03:00,0.07612,0,0.07591,11087.480413671314,0.0,,,0,843.9790090886603
986,986,2024-07-01 23:00:00+03:00,0.0757,0,0.07613,11087.480413671314,0.0,,,0,839.3222673149185
987,987,2024-07-02 01:00:00+03:00,0.07481,0,0.0757,11087.480413671314,0.0,,,0,829.454409746751
988,988,2024-07-02 03:00:00+03:00,0.07477,1,0.07481,11087.480413671314,0.0,,,1,829.0109105302041
989,989,2024-07-02 05:00:00+03:00,0.07531,1,0.07476,11087.480413671314,0.0,,,1,834.9981499535867
990,990,2024-07-02 07:00:00+03:00,0.07605,0,0.07532,11087.480413671314,0.0,,,0,843.2028854597035
991,991,2024-07-02 09:00:00+03:00,0.07504,0,0.07606,11087.480413671314,0.0,,,0,832.0045302418953
992,992,2024-07-02 11:00:00+03:00,0.07496,1,0.07504,11087.480413671314,0.0,,,1,831.1175318088017
993,993,2024-07-02 13:00:00+03:00,0.07478,1,0.07495,11087.480413671314,0.0,,,1,829.1217853343409
994,994,2024-07-02 15:00:00+03:00,0.07526,1,0.0748,11087.480413671314,0.0,,,1,834.443775932903
995,995,2024-07-02 17:00:00+03:00,0.07457,0,0.07528,11087.480413671314,0.0,,,0,826.7934144474698
996,996,2024-07-02 19:00:00+03:00,0.07442,0,0.07457,11087.480413671314,0.0,,,0,825.1302923854191
997,997,2024-07-02 21:00:00+03:00,0.07596,1,0.07442,11087.480413671314,0.0,,,1,842.205012222473
998,998,2024-07-02 23:00:00+03:00,0.07573,0,0.07597,11087.480413671314,0.0,,,0,839.6548917273286
999,999,2024-07-03 01:00:00+03:00,0.0761,0,0.07574,11087.480413671314,0.0,,,0,843.757259480387
1000,1000,2024-07-03 03:00:00+03:00,0.07525,0,0.0761,11087.480413671314,0.0,,,0,834.3329011287664
1001,1001,2024-07-03 05:00:00+03:00,0.07373,0,0.07525,11087.480413671314,0.0,,,0,817.479930899986
1002,1002,2024-07-03 07:00:00+03:00,0.07362,1,0.07373,11087.480413671314,0.0,,,1,816.2603080544822
